host_id,host_name,listing_count,average_price
1662,Chloe,1,
3592,Ria,1,185.0
14589,Rutger,1,
42599,Kathelijn,1,330.0
57722,Ekaterina,1,220.0
59484,Alexander,2,247.0
70163,T & R,1,424.0
72890,Anneke,1,227.0
77950,Cris & Jules,1,250.0
92194,Taco & Iwanna,1,245.0
97647,Flip,1,132.0
98297,Finn,1,140.0
98647,Petrus Hendrikus Gerardus,1,
98844,Manolis,1,289.0
106225,Anthony Adrian Jeffrey,1,207.0
107906,Veronica,1,
110880,Vasudevan,1,198.0
113034,Bronwyn,1,235.0
122500,Bernadette,1,
124245,Edwin,2,75.0
125667,Michèle,2,164.0
126790,Christopher,1,
127938,Mirte,1,172.0
142145,Justin,1,192.0
157048,James,1,
157323,Leila,1,
158271,Parag,1,
178521,Lionel,1,
179452,Cristina,1,
187728,Tatiana,2,161.0
194523,Elena,1,
194779,Jan,1,
195537,Alex,1,318.0
195859,Gianni,2,64.0
195909,Karina,1,472.0
219080,Franklin,1,228.0
220434,Vesna & Misha,1,
225987,Joanna & MP,1,322.0
229672,Claudia,1,
230246,Donald,1,457.0
231864,Karin,1,198.0
231946,Raymond,1,162.0
241336,Josh,1,284.0
241515,Celine,2,321.0
246493,Dojo,2,80.5
249794,Marieke,1,102.0
252245,Ingrid,1,
259495,Marcel,1,
261549,Christian,1,171.0
263233,Jan-Willem,1,
263888,F.,1,
264178,Cornelie,1,
266624,Krokus,1,203.0
269050,Camiel,2,187.5
270382,Saskia,1,380.0
276068,Mirre,1,185.0
276483,Sophie,1,
277329,Sarah,1,162.0
283269,Manon,1,
296964,Jesse,1,903.0
301340,Jessica,1,
303685,Fabio,1,352.0
311067,Dan,1,
318467,Karolien,1,
325306,Michiel,1,
339001,Benjamin,1,
356740,Dimphy,1,
378043,Martin,1,171.0
382064,Martin A,1,171.0
389623,Ric,2,172.0
391473,Jolien,1,162.0
410152,Derk,1,
412277,Sean,1,
436145,Riks,4,
453818,Steven,1,427.0
454089,Julie,1,
458545,Andrius,1,
460541,Mark And Charlotte,1,367.0
467162,Sanne & Bart,1,223.0
471709,Rob,1,
481080,Hoi-Kee,1,449.0
481605,Joel,1,
488009,Vivian,2,84.0
493325,Stella,1,
494281,Michiel,1,
497550,Marieke,1,
498612,Mark,1,
505271,Michiel,1,229.0
506601,Joris,1,800.0
510307,Alexander,1,
510526,Tuhami,2,257.0
517215,Rental Valley,1,95.0
517541,Anna,1,162.0
523115,Renske,1,
527982,Iekeliene,1,
531200,Jackie,1,220.0
532034,Max,1,
533509,Klaas H,1,
534213,Guillaume,1,422.0
538659,Wendie,1,152.0
540087,Michelle,2,405.0
548719,Claire,1,225.0
551716,Kim,1,
556129,Sabine,1,
578608,Thomas,1,
585955,Federico,1,
598162,Frank,1,
599238,Anouk,1,
613779,Silvana,4,158.33
618589,Mirjam,1,108.0
620111,Minou,1,137.0
647207,Rene,1,
652705,Andreina,1,152.0
654760,Alex,1,376.0
662664,Jantine,1,225.0
669137,Karlijn,1,240.0
669733,Laura,1,
670266,Ton & Fede,1,335.0
680246,Jennifer,1,
689016,Cindy,1,
692241,Maxime,1,139.0
693472,Ayden,1,167.0
699671,Mathys,1,633.0
708139,Claudia,1,250.0
711896,Ilma R,1,74.0
721522,Ben And Amanda,1,
725727,Colin Jeffrey,1,202.0
739084,Onno,1,206.0
744499,Jordan & Sarah,1,180.0
748161,Maria,1,
750244,Sabine,1,254.0
758308,Kutay,1,
761321,Louisa,1,
773375,Noortje,1,
780963,Lars,1,
798492,Eline,1,352.0
808981,Bryan,3,441.33
815989,Kamiel,1,
818479,Keja,1,403.0
819766,Roxy,1,349.0
836112,Jessica,1,214.0
837545,Judith,1,210.0
838782,Renée,1,
843692,Janneke,1,
853028,Elisa,1,281.0
854092,Moses,1,
856390,Pascal,1,354.0
856540,Pierre,2,250.0
856702,Olivier,1,161.0
870437,Mauro,1,103.0
871411,Merle,1,
874601,Sigrid,1,224.0
877945,Robin,1,360.0
878176,Rosanne,1,232.0
887591,Danielle,1,
887792,Sandra,1,207.0
888543,Jeff,1,393.0
892550,Asaf,1,225.0
899269,Tessa,1,
903675,Mia,1,326.0
904827,Stefan,1,
907405,Yahav,1,68.0
915591,Marijn,1,231.0
922459,Sander,1,
922621,Marijn,1,270.0
922787,Nanna,1,
935742,Johan,1,158.0
951692,Saskia,1,
961670,Lisa,1,114.0
971085,Rod,1,
976652,Home,1,389.0
989665,Michele,1,243.0
996235,Judith,1,124.0
1005087,Wytse,1,635.0
1011032,Abel,1,446.0
1016298,Manon,1,124.0
1023227,Alan,1,400.0
1024817,Marianne,1,178.0
1029291,Eliran,2,310.0
1094489,Kevin,1,128.0
1100324,Hendrik,1,
1107389,Henry,1,
1113974,Niels,1,336.0
1125467,Rudolf,1,
1135329,Amsterdam Boutique Apartments,1,
1135786,Hilde,1,160.0
1141485,Gisèle And Simon,3,167.0
1152104,Lotte,1,
1152547,Jaco,1,
1155851,Tsarina,1,359.0
1164704,Merijn,1,399.0
1174565,Josine,1,
1177084,Philip,1,287.0
1186531,Paul,1,114.0
1187831,Morgan,1,
1195935,Eleni,1,
1203532,Johanna Jacoba Maria,1,153.0
1209324,Sanne,1,299.0
1210750,Chantal,1,276.0
1211966,Sophie,1,
1212765,Jakob,1,141.0
1217378,Jordi,1,
1221415,Mark,1,
1232843,Harm,1,116.0
1242768,Murat,1,
1257975,Julie,1,
1266399,Maartje,1,
1271678,Andrea,1,75.0
1283205,Marieke,1,180.0
1283333,Frans,1,
1284887,Maerle,1,
1297282,Monika,1,960.0
1297642,Pim,1,327.0
1298735,Carolien,1,117.0
1300994,Jop,1,
1309885,Darshan,1,
1318983,Miro,2,229.0
1322517,Evan,1,
1324858,Kiona,1,326.0
1333265,Arie Jan,1,327.0
1334704,Claudia,3,246.67
1336633,Stephan,1,124.0
1337537,Diederik,1,
1344947,André Charles,1,279.0
1346106,Juliette,1,
1348443,Esther,1,
1350388,Stefan En Annemiek,1,
1356112,Mariela,1,333.0
1357842,Pietro,1,436.0
1362930,Luuk,1,213.0
1376607,Martin,1,
1376907,Mijef,1,
1383736,Jennita,1,108.0
1384624,Jean-Charles,1,
1387938,Mathi,1,
1395778,Brigitte,1,271.0
1400952,Emilie Eliza,1,500.0
1406783,Alicia,2,87.5
1414518,Leandro,1,966.0
1419343,Simon,1,192.0
1430589,Diederik,1,327.0
1435339,Peter,2,213.0
1435679,Anouk Isabelle,1,274.0
1436134,Veronica,1,
1439649,Mathilda,1,187.0
1448980,Laila,1,140.0
1451657,Marco,1,1036.0
1453893,Oleg,1,
1458717,Stephanie & Sebastian,1,81.0
1465500,Ronit,1,146.0
1469403,Gijs,1,277.0
1471928,Bora,1,198.0
1477191,Claudia,1,
1480859,Mervi,1,120.0
1487220,Uros,2,443.0
1488099,Rudi,1,
1491426,Merlijn,1,
1491565,David,2,184.0
1492408,Cherry,1,97.0
1511330,Ton,1,141.0
1512673,Lenny,1,174.0
1515957,Janüska,1,541.0
1516725,Kathryn,1,
1522654,Jim,1,298.0
1526936,Eva,1,
1527931,Saskia,1,147.0
1539253,Jacob,1,
1542875,Frederike,1,
1552059,Ruben Robert,1,109.0
1553942,Jelle,1,413.0
1556618,Kim,1,
1557835,Lenneke,2,163.0
1562146,Koen,1,1995.0
1573012,Caroline,1,144.0
1582128,Jorn,2,948.0
1591245,Mirjam,1,602.0
1600010,Anke & Robert,1,325.0
1605431,Mareike,1,
1610324,Ayla & Jake,1,188.0
1612893,Nina,1,
1619130,Laurens,1,113.0
1626796,Sophie,1,
1637104,Saskia,1,209.0
1640702,J,1,238.0
1642778,Ketty,1,155.0
1645998,Djoke,1,630.0
1646176,Froukje,1,223.0
1657181,Charlie,1,
1657577,Hendrik,1,
1663866,Charlotta,1,207.0
1672823,Ester,1,
1687595,Sebastiaan,1,275.0
1687684,Naomi,1,
1729553,Emma,1,252.0
1739437,Nina,1,
1740785,Rob & Fang,1,104.0
1751718,Nicolette,1,256.0
1759884,Ivan,2,290.0
1759888,Martinus,1,
1778815,Niels Jochem,1,598.0
1784454,Hendriek,1,
1791317,Robert,1,1341.0
1793657,Julie,1,206.0
1810374,Merel,1,
1811745,Marre,1,
1817922,Fabrizio,1,271.0
1824506,Amsterdam Canal Guest Apartment,1,182.0
1826139,Esther & Jan,1,316.0
1830475,Kees,1,272.0
1831512,Vanya,1,405.0
1849155,Esther,1,192.0
1849988,Nicolet,1,147.0
1851673,C,1,
1853421,Marijn,1,299.0
1855417,Maarten,1,217.0
1864193,Suus@Wally,1,225.0
1870324,Edward,1,480.0
1878547,Matthijs,1,405.0
1897817,Anca And Denis,1,122.0
1899420,Rosie,2,77.5
1899894,Anna,1,
1902079,Martijn,1,225.0
1907015,Masha,1,228.0
1915653,Ingrid,1,
1917728,Victor,1,
1924176,Ana,1,
1930105,Roel,1,
1932863,Tamilla,1,215.0
1939922,Hannes,1,63.0
1942203,Jena,1,
1953637,James,1,235.0
1958812,Sanne,1,400.0
1962530,Jon,1,
1983990,Marieke,1,193.0
1995707,Marinka,1,163.0
1998272,Sascha,1,
2012163,Joop,1,
2028878,James,1,
2030712,Annemaartje,1,199.0
2035265,Shervin,1,156.0
2039312,Steven,1,162.0
2046301,Nina,1,287.0
2049639,Derek,1,
2056423,Danielle,1,400.0
2056690,Leonie,1,380.0
2057636,Rositsa,1,322.0
2063261,Miranda,1,
2067583,Ilaria,1,
2068431,Iris,1,
2071432,Tamas,1,125.0
2076713,Luba,1,89.0
2084430,Emese,1,104.0
2097993,Hil And Dee,1,280.0
2098841,Kimmy,1,700.0
2099153,Hilal,1,
2109872,Riccardo,1,277.0
2117205,Alexander,1,
2117385,Mijntje,1,149.0
2117711,Monica,1,
2117872,Rafael,1,222.0
2129723,Aukeline,1,
2131008,Matthijs,1,185.0
2133459,Onno,1,475.0
2136343,Marinus,1,199.0
2139186,Deniz,1,321.0
2144360,Feiko,1,
2156587,Beatrice,1,
2167559,Noortje,1,
2175668,Erik,1,300.0
2185391,Siobhán,1,
2191136,Jan,1,170.0
2193861,Marco,1,158.0
2197258,Iris,1,190.0
2202315,Nike,1,110.0
2202945,Heleen,1,60.0
2205020,Sophie,1,
2205206,Juliette,1,
2205770,Vibeke,1,84.0
2209241,Soraya,1,
2212219,Guus,1,158.0
2218299,Pieter-Jan,1,
2219455,Vik,1,405.0
2228518,Bo,1,
2236192,Fadi & Riek,1,
2238440,Richard En Birgit,2,386.5
2264215,Hein,1,
2267090,Martine,1,250.0
2272095,Katinka,1,162.0
2272670,Wouter,1,195.0
2288691,Sophie,1,
2290546,Emma,1,
2296442,Valerio,1,643.0
2297302,Milen & Joes,1,
2302855,Miriam,1,
2309485,Ned,1,115.0
2309801,Emmelie,1,102.0
2310302,Joost,1,540.0
2310949,Bruno,1,286.0
2311301,Josette,1,360.0
2313061,Marcel,2,122.0
2315216,Marieke,1,
2319358,Yorinde,1,
2323616,Roel,1,405.0
2324126,Peter,1,
2329053,Boris,1,
2329292,Cedric Didius,1,847.0
2331953,Foppe,1,153.0
2339119,Boy,1,161.0
2339287,Blair,1,475.0
2339838,Shauna,1,129.0
2341786,Roosmarijn,1,300.0
2342196,Kes,1,112.0
2346326,Maximilian,1,
2350442,Neil,1,489.0
2358181,Dayanara,1,
2358581,Sanne,1,
2359810,Doortje,1,253.0
2359815,Christopher,1,
2362878,Jouk,1,
2368759,Angie,1,
2377188,Maja,2,
2379150,Lissan,1,
2382179,Laura,1,
2386514,Roman,1,
2386958,Floor,1,
2390649,Bart,1,245.0
2395124,Emma,1,
2395278,Alexei Vladimirovič,1,
2399572,Sannah Sophie,1,
2413010,Sjanne,1,
2417166,Mirjam,1,240.0
2425674,Pieter,1,
2427338,Felicia & Marc,1,325.0
2431130,Carien,1,
2439449,Henriette,1,87.0
2442401,Diogo,1,
2452692,Monique,1,375.0
2453971,Kim,1,250.0
2455550,Jorn,1,113.0
2462748,Irma,1,158.0
2467597,Jasper,1,328.0
2480643,Emma,1,198.0
2483843,Alban,1,
2484593,Alexandre,1,436.0
2491388,Jennifer,1,232.0
2498889,Fahd,1,
2501656,Stephanie,1,500.0
2504583,Edwin,1,
2513287,Suzanne,1,218.0
2524784,Kirsten,1,
2524806,Herman,2,492.0
2531171,Carmen,1,
2532286,Ellen,1,
2532968,Marieke,1,
2534561,Elvira,1,215.0
2536879,Hansje,1,215.0
2539835,Marie,1,
2540480,Derk,1,210.0
2541099,Anne-Marie,1,175.0
2541713,Annelotte,1,300.0
2547237,Stefanie,1,285.0
2550339,Aemilia,1,350.0
2553183,Benjamin,1,
2560545,Grace,1,253.0
2561138,Frédéric,1,
2569931,Harriet,1,
2574458,Julia,1,239.0
2575092,Nora,1,254.0
2576800,Sebastiaan,1,181.0
2579930,Veronica,2,
2580855,Martine,1,319.0
2586468,Jaap,1,285.0
2587257,Josse,1,280.0
2588508,Jane,1,
2589433,Vera,1,
2594559,Els,1,125.0
2597146,Mathilde,2,85.0
2598068,Roy,1,148.0
2604285,Christina,1,160.0
2613141,Carlos,1,
2619349,Hielke Robert,1,
2626085,Sunna,1,
2633774,Daniel,1,355.0
2635708,Manon,1,
2638978,Kees,1,
2639261,Vera,1,
2642958,Eelco,1,
2647065,Pieter,1,399.0
2651625,Jussi,1,289.0
2659319,Hillegonda,1,100.0
2667507,Floor,1,
2672401,Alexander,1,270.0
2673817,Freek,1,
2673818,Georgina,1,180.0
2674028,Taco,1,417.0
2677887,Bart & Carolyn,1,
2695123,Janne,1,
2695462,Ragna,1,126.0
2699033,Barbara,1,
2705184,Juul & Ruub,1,131.0
2705202,Dorothea,1,104.0
2705484,Marleen,1,
2713572,Remco,1,207.0
2720513,Jorien,1,275.0
2724950,Monique,1,
2737834,Sophia,2,132.5
2740598,Florine,1,190.0
2753217,Eelco,1,
2757683,Veerle,1,
2764651,Maurice & Dorien,1,124.0
2769617,Matt,1,
2778881,Thijs,1,229.0
2780955,Shane,1,143.0
2782084,Marieke,1,212.0
2794984,Ben,2,
2797260,Noriko,1,
2803397,Joris,1,150.0
2806731,Noni,1,300.0
2809810,Maarten,1,599.0
2814596,Duco,1,316.0
2816490,Arthur,1,
2816647,Mark,1,
2818916,Thomas,1,248.0
2820665,Barak,1,
2822254,Nick,1,
2826060,Barbara,1,407.0
2826715,Maxime,1,351.0
2829587,Greg,1,98.0
2830952,Henning,1,
2831228,Veronique,1,
2838968,Barbara En Arjan,1,
2841843,Ansje & Walter,1,
2846229,Fabian&Tijana,1,390.0
2847616,Arie,3,249.33
2847951,Charlotte,1,300.0
2851886,Sonja,1,152.0
2865851,Oliver,1,187.0
2868026,Emer,1,
2873709,Alinda,1,361.0
2876505,Anna,1,
2878977,Jis,1,
2886205,Thomas,1,162.0
2888943,Sjors,1,289.0
2889957,Joya,1,
2890590,Caterina,1,
2893309,Rozemarijn,1,205.0
2902353,Anne,1,170.0
2908485,Luis,1,
2908962,Mamereke,1,
2912339,Kelli,1,180.0
2913467,Ido,1,
2914846,Lotte,1,280.0
2925797,Saskia,1,124.0
2934565,Eduardo,1,
2935150,Rod,1,
2936279,Swaantje Willemijn,1,458.0
2940865,Anna & Benjamin,1,
2941854,Rosa,1,
2944461,Breck,1,
2951222,Inge,1,
2953998,Floortje,1,198.0
2954547,Kim,2,113.0
2955185,Evie,1,
2956215,Vicente,2,131.0
2957606,Arthur,1,191.0
2957838,Laurens,1,
2960304,Kc,1,272.0
2963123,Juul,1,213.0
2965464,Lisa,1,
2966215,Valentijn,1,364.0
2968287,Christopher,1,
2976877,Donate,1,250.0
2978366,Frank & Jasmijn,1,277.0
2986763,Lymor,1,202.0
2989639,Luli,1,
2990475,Helen,1,
2991165,Dan,1,
2999168,Renée,1,
3000319,Bart,1,189.0
3002183,Jasper,1,293.0
3007402,Diewert,1,164.0
3008824,Lise,1,
3015785,Erik And Mary Jo,2,111.0
3018225,Vanessa,1,618.0
3018316,Corina,1,183.0
3031239,Niels Cornelis,1,255.0
3036391,Jiska,1,
3040748,Henk,8,87.62
3042726,Julius,1,349.0
3045205,Maxim,1,
3050361,Isabelle,1,302.0
3051202,Ruben,1,
3054367,Dorine,1,
3058379,Lyle,1,
3060852,Niek,1,
3071046,Cecile,1,
3072132,Sandra,1,
3073305,Roos,1,765.0
3076848,Sabine,1,
3077295,Franciska,1,240.0
3081599,Carla,1,
3082346,Dorette,1,
3091108,Duco,1,624.0
3093687,Fred,1,
3099441,Siri,1,300.0
3103461,Yoshua,1,175.0
3105007,Sip,1,
3110105,Joyce,3,400.0
3110620,Janwillem,1,100.0
3110803,Kristof,1,
3113556,Ingmar,1,
3119637,Mireia,1,181.0
3122261,Sandra,1,450.0
3133489,Joep&Enzo,1,197.0
3136773,Myrthe,1,
3139107,Vivian,1,500.0
3143799,Manon,1,
3144126,Florie,1,
3149685,Evan,1,248.0
3150708,Estanislao,1,255.0
3151196,Lieselot,1,
3157162,Marlous/Joost,1,437.0
3185335,Kim,1,313.0
3188453,Mark,1,152.0
3188645,Lotje,1,167.0
3192554,Wieneke,1,178.0
3194459,Roos,1,275.0
3196753,Loes,1,
3204169,Hester,1,533.0
3204480,Aart,1,
3205205,Chantal,2,
3219064,Celine,1,
3219665,Rob,2,60.0
3241444,Thijs,2,227.5
3243217,Luuk,1,
3248360,Stijn,1,
3249719,Ingrid,1,
3251999,Jessica,1,
3253639,Henriette,1,363.0
3254217,Andres,1,
3254842,Renee,1,86.0
3256461,Linsey,1,470.0
3261377,Pierre,1,
3267693,Santiago & Tony,1,
3269925,Alexandra,1,283.0
3272465,Ineke,1,
3276289,Lara,1,
3278419,Matthijs,2,172.0
3279032,Floris,1,
3288592,Nicole,1,136.0
3308502,Saar,1,285.0
3308880,Tristan,1,248.0
3315498,Yuri,1,216.0
3320018,Laurens,1,
3321288,Jared,1,257.0
3328145,Sophie,1,570.0
3332206,Stef,1,108.0
3335546,Sonia,2,104.0
3336575,Maaike,1,395.0
3338337,Charlotte,1,360.0
3339277,Pieter,1,
3342728,Gianna,1,
3347747,Nick,2,338.0
3349629,Lotte,1,332.0
3356377,Martijn,1,
3357860,Sietske,1,585.0
3358663,Cathelijne,1,
3359487,Malu,1,161.0
3374197,Brigit,1,
3375589,Fred Alexander,1,
3377010,Carlijn,1,
3378586,Nina,1,951.0
3384988,Sander,1,
3388577,Corien,1,
3398084,Cem,1,450.0
3399630,Mario,1,
3403063,David,1,204.0
3408466,Valentine,1,306.0
3409554,Marieke,1,145.0
3409826,Kith & Kin,4,218.0
3413238,Linda,1,479.0
3420532,Christian Antonio,1,175.0
3421572,Wing,1,53.0
3423288,Ingeborg,1,220.0
3430146,Ilanit Z,2,280.5
3432339,Joanne,1,
3439993,Yoeri,1,
3441513,Ellen,1,
3447868,Inge,1,320.0
3466926,Roni,1,
3471012,Bence,1,
3473052,Marco,1,141.0
3474040,Priscila,1,121.0
3476261,Gayle,1,
3483377,Frank,1,162.0
3488138,Megan,1,288.0
3494191,Maaike,1,
3494317,Jeroen,1,
3498674,Nadia,2,79.5
3508504,Claudia,1,172.0
3509817,Aldo,1,
3518386,Kristel,1,125.0
3522528,Jaap,1,290.0
3522770,Antonio,1,256.0
3523553,Doet,3,121.0
3525873,Maud,1,335.0
3528246,Laura,1,200.0
3529778,Gijs,2,131.0
3546451,Esther,1,
3548142,Garen,1,295.0
3548522,Susanne,1,255.0
3551814,Alwine,1,
3552086,Dennie,1,
3556421,Mirjam,1,90.0
3556607,Barbara,1,
3561531,Rob,1,140.0
3564543,Daniel,1,233.0
3567352,Arnaud,1,176.0
3573065,Paul,1,
3574665,Lotte,1,
3576012,Sheryl,1,249.0
3580802,Sebastian,1,175.0
3584030,Janieke,1,252.0
3585296,Bob,1,218.0
3587641,Lizzy,1,
3592780,Lars & Antoinette,1,
3595473,Andrea,1,188.0
3595588,Renee,1,321.0
3601944,Jacob,3,342.0
3606381,Janneke,1,77.0
3607736,Elmar,2,
3613750,Pieter,1,
3618188,Maartje,1,
3619246,Daan,1,
3627864,Maaike,1,
3632839,Ernestien,1,169.0
3644216,Jeremie,1,
3647272,Katie,1,
3648688,Rogier,1,
3651457,Carlotta,1,195.0
3654068,Alejandro,1,315.0
3657825,Roberto,1,
3657927,Peter Jan,1,315.0
3661217,Dorien,1,
3663294,Alexandra,1,254.0
3664300,Berend,1,
3664575,Martijn,1,
3669063,Nathan,1,
3671340,Fleur,1,400.0
3674207,James,1,400.0
3678216,J & R,1,295.0
3678527,Lidewij,1,
3678603,Fieke,1,
3678680,Melissa,1,
3679437,Jan,1,
3680036,Eefje,1,
3680046,Jan-Willem,1,269.0
3681145,Nick,1,
3689867,Marijke,1,
3703205,Judith,1,
3706220,Rob,1,
3710671,Maurice,1,320.0
3712433,Claire,1,443.0
3713242,Barbara,2,309.0
3718063,Nina,1,
3725575,Lieneke,1,139.0
3727499,Dylan,1,
3732811,Francisca B M,1,
3734965,Joakim,1,
3736600,Michiel,1,122.0
3745762,Pieter,1,400.0
3748993,Esther,1,221.0
3753109,Ruxi,1,189.0
3759538,Willem,1,
3761079,Nigel,1,
3765319,Saskia,1,
3769265,Davide,1,134.0
3775786,Aren,1,463.0
3779178,Sil,1,
3786292,Flavio,2,202.5
3788198,Martin,1,184.0
3788673,Laurens En Petra,2,155.5
3790094,Sara,1,
3802550,Björn,1,
3823105,Suzanna,1,
3823268,Geerke,1,
3825472,Jimmy Tae Jik,2,82.0
3825509,Tatjana,1,
3840119,Claartje,1,175.0
3842476,Ivano,1,
3853735,Barbara,1,
3854958,Simonette,1,
3862044,Leo,1,190.0
3862502,Steven,1,270.0
3875358,Derk,1,267.0
3877342,Nicole,3,295.33
3878625,Meike,1,
3879155,Sjoukje,1,
3884582,Tudor,1,
3884675,Devran,1,
3886755,Mea,1,
3887700,Sydney,2,153.0
3888519,Micha,1,254.0
3888605,Janna,1,
3892074,Leah,1,
3895097,Jill,1,161.0
3899684,City Apartments,2,237.5
3902805,Marlen,1,93.0
3906602,Nathan,1,192.0
3913094,Joost,1,1315.0
3934371,Marc,1,271.0
3938465,Wouter,1,162.0
3945360,Steven,1,170.0
3950493,Koen,1,
3952774,Hila,1,
3956298,Anne,1,484.0
3957095,Mariela,1,
3960958,Hans,1,
3962231,Bing,1,665.0
3970753,Take & Eline,1,429.0
3973771,Caro,1,
3975477,Anna And Robert,1,123.0
3983732,Thomas,1,430.0
3984496,Jihan,1,
3989215,Noa,1,
3990369,Aurelien,1,194.0
3997123,Minne,3,277.0
4000086,Ingo & Marlies,1,
4010427,Andrea,1,180.0
4012448,Hennia,1,
4013546,Xsjong,2,61.0
4028944,Liubov,1,350.0
4029713,Otto,2,130.5
4044111,Aukje,1,255.0
4053541,Sarah,1,192.0
4063977,Marjolein,1,
4067690,Tetske,1,
4068486,Danielle,1,
4074750,Laurian,1,290.0
4076767,Gijs & Carina,1,
4076982,Henriette,1,
4077707,Lea,1,677.0
4082004,Daan,1,
4083211,Lotte,1,
4084500,Chen,1,
4089142,Gopal,1,
4091515,Karin,1,137.0
4094987,Michiel,1,75.0
4108456,Anthony,1,374.0
4112578,Vanessa,1,
4115668,Sharine,1,
4117326,Bas,1,
4118003,Vincenzo,1,
4119946,Bianca,1,
4125732,Louk,1,231.0
4125951,Daniela,1,
4127029,Jaap,1,
4127075,Durk,1,
4138763,Michael,1,
4140676,Umut,1,
4142666,Florian,3,337.33
4145047,Wouter,1,270.0
4147304,Femke,2,328.5
4150442,Meike,1,448.0
4156667,Chris,1,
4161017,Bart,1,
4168597,Inês & Rembrant,1,
4168793,Asaf,1,
4172093,Edward,1,172.0
4172859,Tjade,1,174.0
4173309,Niels,1,
4181760,Paris,1,241.0
4184910,Lydia,1,199.0
4189283,Eva,1,159.0
4192011,Annelot,1,
4197303,Viola & Daniel,1,
4198054,Nora,1,272.0
4201980,Marieke,1,
4203142,Maëva,1,331.0
4214364,Cornelia Berandina Catharina,1,
4214683,Maikel,1,200.0
4215174,Hinde,1,118.0
4215680,Eva,1,
4215905,Yuliya,1,
4217949,Yunus Emre,1,
4221960,Peter,1,140.0
4230303,Jesse,1,
4230677,Joost,1,161.0
4230828,Michiel,1,922.0
4237150,Emile,1,193.0
4239235,Felice,1,
4239541,Eefje,1,219.0
4248038,Anna,3,
4251722,Anouc,1,495.0
4251914,Lisanne And David,1,
4252191,Ardjan & Jose,1,455.0
4258470,Splinter,1,332.0
4258512,Merel,1,
4259102,Mohamed,1,
4267212,Ramona,1,
4271294,Jan-Douwe,1,135.0
4272180,Mike,1,
4277721,Lucie,1,
4279064,Charlotte,1,552.0
4281679,Villa-Casa,1,351.0
4281745,Wisse,1,158.0
4281750,Karin,1,127.0
4286813,Paul,1,112.0
4287801,Sacha,1,131.0
4289713,Jelle,1,
4290554,Joyce,1,130.0
4291496,Niels & Sofia,1,340.0
4293658,Jolan,1,201.0
4294992,Simon,1,
4297337,Liesbeth,1,144.0
4297910,Jeroen,1,
4309450,Manon,1,
4312645,Ben,1,190.0
4313645,Leah,1,
4332423,Judith,1,
4333864,Lisanne,1,
4335632,Tui,1,202.0
4341984,Jacob,1,141.0
4346522,Martijn,1,
4355186,Nanne,1,196.0
4356084,Daniël,1,181.0
4359905,André,1,
4361902,Yorick,1,400.0
4362519,Solmaz,1,772.0
4364462,Margot,1,123.0
4370511,Emilia,1,110.0
4374457,Alexandra,1,300.0
4380065,Shermin,1,110.0
4380449,Johan,1,162.0
4381603,Eelke,1,
4386675,Amsterdam,3,1380.67
4398387,Joyce,1,
4398501,Martin,1,500.0
4405684,Tamara,1,
4405873,Remon,1,
4406279,Claire,1,
4406417,Jolanda,1,
4412129,Benjamin,1,230.0
4415881,Vera,1,85.0
4416629,Sarah,1,161.0
4417000,Madelon,1,316.0
4419890,Ivana,1,250.0
4422940,Rob,1,
4434837,Tomas,1,206.0
4437313,Melianthe,1,
4443157,Arne,1,86.0
4443653,Ruben,1,
4443833,Nova Team,2,111.0
4450008,Dirk,1,
4450504,Sandra,1,266.0
4456680,Niels,6,500.5
4460292,Fleur,1,214.0
4472915,Lise-Lotte,1,198.0
4473053,Jennifer,1,
4473548,Michael,1,
4473576,Hans,2,159.0
4473752,Michiel,1,225.0
4480511,Denise,1,261.0
4512372,Lidia,1,231.0
4513007,Suzanne,1,123.0
4513819,Ronald,1,204.0
4520552,Simone,1,250.0
4522482,Lilia,1,225.0
4523519,Julius,1,252.0
4532209,Quintin,1,149.0
4542627,Malu,1,
4543444,Trinette,1,156.0
4544932,Joris,1,617.0
4557482,Rosalie,1,
4561160,Jan-Marne,1,350.0
4562852,Michiel,1,428.0
4570600,Karina,1,192.0
4573337,Edo,1,198.0
4574185,Scott,2,103.5
4577738,Sanne,1,
4579810,Zehra,1,
4584159,Danny,1,211.0
4592706,Joris,1,
4597572,Tim,1,271.0
4614541,Driss And Bettina,2,203.5
4615651,Eunice,1,250.0
4625166,Anna Maria Hendrika,1,450.0
4625398,Marije,1,175.0
4632845,Justin,1,317.0
4634280,Bobiaan Adriaan,1,
4638813,Pascal,1,
4651226,Maarten,1,405.0
4652697,Pim,1,540.0
4657366,Maite,1,
4659585,Valerie,1,929.0
4662897,Amin,1,
4663170,Brenda,2,289.5
4668971,Philip,1,69.0
4674102,Andrew,1,279.0
4677691,Jolien,1,180.0
4684314,Frans,1,144.0
4684764,Jeroen,2,
4685106,Babette,1,225.0
4685354,Michelle,1,450.0
4690221,Freddy,1,
4707615,Carin,1,125.0
4709660,Franca,1,
4715970,Emre,1,583.0
4721085,Maurice,1,149.0
4722235,Marieke,1,
4723163,Vivienne,1,
4724613,Cindy,1,439.0
4736257,Iva,1,
4737293,Pien,1,
4739729,Everhard R,1,122.0
4740141,Chantal,1,
4741460,Houseboat In Amsterdam,1,252.0
4741854,Anestis,1,292.0
4760703,Laura And Emiel,1,133.0
4761807,Ruben,1,
4761847,Pieter,2,585.0
4773348,Joep,1,340.0
4774482,Kiki,1,219.0
4777053,Niels,1,
4780957,Lærke,1,
4781137,Joke & Gerard,3,130.0
4790291,Jildar,1,170.0
4794187,Diederik,1,276.0
4813139,Manon,1,
4817958,Bastian,1,103.0
4821307,Agnieszka,1,
4822645,Kerem,1,
4826547,Lora,1,255.0
4849545,Michael,1,
4854270,Lina,1,
4863681,Joze,1,296.0
4863730,Mattijs,1,285.0
4865219,Francesca,1,200.0
4867832,Michel,1,405.0
4875280,Matan,1,630.0
4878850,Esther,1,
4883501,Guus,1,207.0
4883748,Jo,1,211.0
4885144,Olivier,1,379.0
4890824,Rosanne,1,1561.0
4898273,David,1,221.0
4902335,Justus,1,
4902757,Sebastiaan,1,258.0
4903063,Lennart,1,476.0
4905127,Toetsie,4,113.5
4906439,Wouter,1,
4906957,Regina,2,173.0
4907959,Glenda,1,
4909610,Titus,1,
4910458,Sjoerd & Rosalie,1,
4917532,Sarah Claire,1,
4918207,Aydin,1,
4919250,Roos,1,294.0
4920510,"Niels, Imke, Ravi & Manu",1,251.0
4922766,Sharri,1,127.0
4937229,Guido,1,
4955430,Bart,1,
4959941,Bart,1,135.0
4973932,Thomas,1,237.0
4976185,"Vincent,Serge",1,342.0
4976553,Ivo,1,208.0
4977985,Ralph,1,
4978942,Beca,2,85.0
4988898,Greet,1,225.0
4991635,Casper & Roos,1,333.0
4994590,Harald,1,
5004150,Katja,1,
5010813,Julie,1,
5011415,Faiza,1,
5033279,Erik,1,
5033331,Dianne,1,209.0
5034213,Sophie,1,441.0
5037506,Olaf,2,646.0
5037898,Ruben,1,226.0
5043918,Judith,1,291.0
5046777,Yaraslau,1,212.0
5062046,Leontine,1,
5064424,Ania,1,80.0
5065468,Jean-Philippe,1,
5070960,Mijke,1,
5072408,Jaqueline & Keesjan,1,
5082630,Patrick,1,213.0
5088651,Christa,1,109.0
5095248,Malka,1,
5097799,Hans,1,234.0
5102632,Madelinde,1,108.0
5104764,Thijs,1,242.0
5128876,Alexandra,2,1429.5
5133036,Fiona,1,
5134833,Andre,1,100.0
5136065,Darius,1,
5137057,Marit,1,207.0
5137582,C.T.,5,116.4
5144070,Jasmijn,1,
5144636,Anthony,1,153.0
5155963,Paul,1,
5162106,Anne-Fleur Koning,1,315.0
5162447,Roland,1,128.0
5183517,Simone,2,85.5
5189333,Rudi,1,
5207679,Miguel,1,
5209930,Ida,1,
5218901,Simon,1,
5235034,Maurice,1,252.0
5235264,Meike,1,227.0
5240273,Angelique,1,273.0
5240485,Alessandra,1,108.0
5262304,Chantal,1,185.0
5273717,Jochem,1,
5274490,Sinuhe,1,409.0
5276698,Amber,1,
5277944,Hannah,1,
5279490,Joost,1,425.0
5284681,Fieke,1,266.0
5291992,Jana,1,
5294942,Koen,1,198.0
5296180,Femke,1,300.0
5297940,Helga,1,95.0
5299087,Nick,1,153.0
5299475,Morgan,1,230.0
5318388,Bart,1,
5325020,Vivi,1,
5327179,Ramona,1,225.0
5330753,Rene & Ellen,1,205.0
5342880,Murk,1,
5343778,Guillemette,1,204.0
5347799,Tim,1,
5359243,Eva,1,137.0
5368199,Syl,1,
5395522,Gijs,1,333.0
5397978,Jil,1,350.0
5410850,Nessa,1,281.0
5413438,Vincent,1,234.0
5417945,Hamed,1,135.0
5426989,Kevin,1,198.0
5434912,Myrthe,1,
5435558,Karen,1,275.0
5436063,Heleen,1,
5436379,Robert-Jan,1,
5453226,Zach,1,318.0
5458830,Tessa,1,315.0
5459946,Kara,1,
5471825,Şafak,1,
5471836,Emily,1,247.0
5475098,Désirée,1,
5483620,Sofie,1,164.0
5484172,Dimitra,1,162.0
5489703,Edward,1,
5489923,Elant,1,
5490364,Kurt,1,251.0
5499961,Anne-Marie,1,
5502573,Jolanda,1,
5503200,Gwenda,1,263.0
5505191,Malou,1,
5505945,Kwok-Wah (Kokkie),1,
5516496,Marieke,1,137.0
5516596,Joris,1,
5520280,Annemarijne,1,
5527871,Kyra,1,250.0
5530981,Freek,1,150.0
5533508,Lina,1,172.0
5535656,Aura Luz,1,252.0
5536469,Anna,1,
5545776,Nienke,1,350.0
5557804,Mirik Milan,2,
5558704,Florinde,1,283.0
5559373,Josje,1,248.0
5563040,Maha,1,200.0
5571753,Maarten,1,
5575489,Annette,1,176.0
5582544,Brenda,1,
5589605,Madalina,1,108.0
5597390,Jaap,1,170.0
5606203,Judith,1,135.0
5606597,Lisa,2,
5607468,J J,1,
5615186,Ana,1,130.0
5617295,Marc,1,255.0
5619022,Larissa,1,81.0
5619206,Anna,1,395.0
5619477,Tania,1,170.0
5622526,Jef & Mette,1,291.0
5624529,Marieke,1,171.0
5630387,Christy,1,367.0
5630983,Bas,1,196.0
5633726,Miro,1,
5634015,Bram,1,306.0
5646154,Reinhart,2,157.0
5646772,Jurriaan,1,
5647814,Eveline,1,69.0
5653882,Ravianne,1,
5661846,Joni,1,128.0
5667266,Omer,1,
5667892,Mats,1,
5668896,Matthijs,1,
5679800,Dimitris,1,
5680826,Marielle & Tobias,1,
5689155,Charlotte,1,
5693880,Melinda,1,
5704989,Alexander,1,
5711109,Johanna,1,
5712107,Joris,2,
5714947,Jasper,1,808.0
5718653,Mash,1,
5720215,Julian,1,
5720246,Tony,1,405.0
5721318,Rick,1,
5721466,Wilfried,1,
5732915,Martine,1,
5736438,M.,1,340.0
5745029,Monique,1,
5747677,Helena,1,
5748724,Nathalie,1,
5750100,Saskia,1,750.0
5750107,Jacob & Patricia,1,119.0
5755009,Josje,1,296.0
5771741,Patrick,1,321.0
5773118,Russell,1,285.0
5775276,Rexin,1,
5781246,Maxim,1,
5782636,Lev,1,
5782941,Carien,1,
5785727,Roald,1,
5793896,Evelyne,1,
5806350,Michal And Bartosz,1,208.0
5808097,Christina,1,
5809919,Thomas,1,
5823447,Lisa,1,
5831960,Roelant,1,
5835459,Lisanne,1,165.0
5837706,Okkie,1,108.0
5845221,Madir,1,
5849222,Jeroen,2,252.5
5857491,Sanne,1,517.0
5873761,Dragan,1,
5878526,Petra,1,195.0
5884786,Melissa,1,216.0
5889171,Anna,1,270.0
5889663,Tim,1,
5893654,Joke,1,173.0
5896579,Gabri,1,270.0
5907714,Marjolein,1,318.0
5923597,Jenny,1,
5923803,Margo,1,
5923831,Ruben,1,495.0
5931215,Claudia,1,226.0
5933288,Emiel,1,
5950226,Karoll,1,
5950325,Thijs,1,
5965190,Maarten,1,
5966091,Rob,1,
5968036,Martijn,1,
5972379,Saida And Tom,3,129.67
5974982,Ivo,1,285.0
5978065,Jeroen,1,162.0
5980683,Lieke,1,
5982618,Michael,1,212.0
5985569,Manou,1,
5989544,Jelle,1,186.0
5990448,Pryscilla,1,
5994388,Yvonne,1,
5994506,Najim,1,
5996778,Jumoke,1,
6006984,Adi,1,217.0
6009703,Floortje,1,75.0
6025580,Lisette,3,223.0
6027515,Ludo,1,
6029168,Jeroen,1,244.0
6046140,Erica,1,891.0
6047112,Laura,1,138.0
6054224,Swan,1,
6055140,Joost And Reem,1,
6057160,Richard,1,
6063077,Stijn,1,165.0
6072512,Pascale,1,295.0
6075620,Margaux,1,310.0
6076845,Jerome,1,134.0
6078235,Özge,1,250.0
6099415,Jeroen,1,
6099896,Thijs,1,
6100909,Alexandra,1,208.0
6101182,Richard,1,
6103754,Marijke,1,171.0
6111974,Rianne,1,
6113063,Geraldien,1,
6114964,Eveline,1,287.0
6117365,Simone,1,180.0
6123911,Mireille Julienne Maria,1,
6126369,Julia,1,
6126617,Wendy,1,212.0
6127483,Daniella,3,84.0
6129382,Thomas,1,
6142269,Gerard,1,161.0
6143602,Nicole,1,
6144062,Tara,1,
6149691,Emma,1,
6158850,Kim,1,
6163495,Colin,1,
6174193,Ernst,1,256.0
6180486,Amor,1,
6192042,Karina,1,138.0
6192245,Regina,1,120.0
6201918,Anabella,1,185.0
6205754,Stephanie,1,
6206405,Friso,1,
6207685,Rosa,1,340.0
6211092,Joost,1,591.0
6212243,Yvette,1,
6225272,Martijn,1,
6234543,Arja,1,
6235509,Vineet,1,129.0
6235747,Corinne,1,
6239127,Balazs,1,
6250938,Doruk,1,284.0
6257251,Lieke,1,
6265216,Stephany,1,88.0
6273312,Casper,2,
6276772,Matthew,1,
6283148,Sander,1,180.0
6285545,Anneke,1,288.0
6299692,Mirjam,1,150.0
6300541,Micha,1,159.0
6302268,Susan,1,
6303179,Isabelle,1,225.0
6304291,Margot,1,425.0
6305400,Erik,1,326.0
6317086,Michel,1,315.0
6320036,Aleksandra,1,
6323743,Tim,1,230.0
6325527,Joyce,1,
6326494,Jolien,1,195.0
6331314,Karin & Douwe,1,198.0
6334860,Annika,1,514.0
6338146,Daan,1,385.0
6338603,Lotte & Sjoerd,1,
6343406,Anne-Marijn,1,
6344234,Xavier,1,
6345107,Jeroen,1,
6353024,Evert,1,
6354227,Anne,1,
6365946,Floor,1,295.0
6368949,Hans En Sietske,1,349.0
6384372,Rein,1,123.0
6387874,Anouk,1,
6392101,Jelte,1,264.0
6399383,Celine,1,
6400178,Robbert,1,
6400686,Konstantinos,1,207.0
6403420,Iris,1,190.0
6406029,Anne,1,310.0
6410592,Micha,1,245.0
6411540,Sjoerd & Kelly,1,
6420008,Valentine,1,
6420712,Wieger & Tania,1,
6428213,Roel,1,148.0
6437689,Sharon & Martin,1,314.0
6438147,Charlotte,1,
6440061,Domenico,1,
6449672,Julia,1,
6449836,Tamara,1,384.0
6461417,Candice,1,
6461575,Paul,1,217.0
6469305,Liliia,1,196.0
6472394,Josip,1,
6474395,Veysel,1,
6477357,Sharron,1,192.0
6478619,Lucas,1,181.0
6478962,Anouk,1,588.0
6483256,Nienke,1,237.0
6485357,Monica,1,
6485560,Jennemiek,1,457.0
6488204,Adriano,1,291.0
6488934,Nadia,1,
6498688,Robbert,1,423.0
6506010,Marieke,1,
6507475,Patrick,3,106.5
6507558,Jo,1,
6510731,Rose,1,
6517611,Paulus J M,1,440.0
6519782,Isabelle,1,169.0
6522384,Marjan,1,
6530075,Bram,1,264.0
6534317,Willemijne,1,429.0
6536417,Wanka,1,178.0
6540523,Sander,1,
6547222,Emily,1,
6553233,Jeff,1,125.0
6557654,Keke,1,152.0
6558000,Tessy,1,425.0
6559278,Sandra,1,
6564574,Marieke,1,
6565457,Ekaterina,1,
6566428,Marieke,1,
6570240,Thijs,1,
6582036,Coco,1,
6582523,Anne Marijn,1,
6583333,Bas,1,168.0
6588199,Carolien,1,178.0
6588515,Juul,1,
6588890,Teus,1,
6601676,Eva,1,
6604185,Ayla,1,
6606794,Bart,1,
6610966,Anna,1,750.0
6615055,Patrick,1,158.0
6615648,Willemijn,1,
6621816,Brigitte,1,449.0
6623886,Ilse,1,
6624375,Vincent,1,396.0
6630741,Marie-Sophie,1,245.0
6631434,Joyce,1,116.0
6633453,Lilian,1,
6639401,Michael,1,
6647910,Jannes,1,128.0
6651424,Ernest,1,
6651475,Dylan,1,
6658855,Odette,1,
6664360,Sharon,2,236.5
6668130,Carolijn,1,309.0
6668514,Daphne,1,
6670843,David,1,103.0
6673155,Ellen,1,127.0
6673715,Valeria,1,156.0
6680892,Nathalie,1,
6681194,Judith,1,
6681286,Tess,1,
6681879,Kalina,1,220.0
6683167,Nick,1,
6693547,Inna,1,372.0
6695581,Eva,1,
6696908,Marieke Elisah,1,
6712942,Sjoerd,1,
6717941,Sam,1,309.0
6718377,Margje,1,
6739095,Martine,1,293.0
6739114,Thijs,1,
6739792,Sander,1,589.0
6740740,Taly,1,190.0
6751951,Merel,1,270.0
6756868,Barbara,1,86.0
6764968,Jelle,1,
6774848,Sanne,1,
6781912,Tim,1,
6811188,Jasper,1,139.0
6813652,Annemarie,1,
6818193,Sophie,1,225.0
6820884,Joyce,1,225.0
6828517,Emely,1,
6837529,Elise,1,144.0
6838265,Bo,1,
6838978,Anne,1,
6839428,Mas,1,
6840474,Berith,1,450.0
6849979,Cornelis Johannes Joseph,2,214.0
6855747,Daan,1,401.0
6856304,Marga,1,617.0
6863370,Lilian,1,256.0
6870134,Patrick,3,260.5
6870891,Gabrielle,1,351.0
6873206,Marlous & Michiel,1,429.0
6873599,Pim,1,536.0
6874702,Tony,1,432.0
6879236,Michiel,1,240.0
6883089,Aike,1,331.0
6889310,Maya,1,
6891388,Sharon Raquel,1,
6894429,Kim,1,177.0
6897982,Nynke,1,
6900127,Tjalling,1,
6906435,Agnes,1,280.0
6907317,Fleur,1,
6909382,Barbara,1,130.0
6909844,Annemarie,1,
6911124,Mr,1,
6912587,Manon,1,
6917602,Lisa,1,125.0
6925102,Marcel,1,108.0
6926359,Karlijn,1,
6927437,Hugo,1,121.0
6927518,Tim,1,
6936556,Guusje Ileen,1,
6952939,Sjoerd,1,212.0
6954075,Esmée,1,
6954442,Gilles,1,
6960531,Christina,1,70.0
6962255,Carola,1,
6963534,Marjan,1,162.0
6964782,Aurélia,1,
6965919,Jos,1,280.0
6966482,Miles,1,
6973466,Mieke,1,
6974243,José Carlos,1,
6983078,Sibe,1,
6986079,Benno,1,199.0
6986975,Erik,1,
6992853,Christiaan Jelte,1,157.0
6999618,Debbie,1,
7004943,Linda,1,
7006794,Petras,1,
7017367,Paul,1,
7019438,Joek,1,157.0
7021846,Guchan,1,145.0
7022820,Marie-Fleur,1,363.0
7031601,Fleur,1,144.0
7034712,Pien,1,
7047688,Richella,1,156.0
7066851,Dick,1,640.0
7067648,Sophie,1,
7082567,Mascha & Rick,1,
7084354,Lena,1,207.0
7090914,Gordon Robert,1,
7091131,Max,1,231.0
7091399,Jaco,1,326.0
7094196,Bram,1,
7102358,Kaj,1,
7103763,Ilona,1,199.0
7109223,Julia,1,273.0
7113252,Melle,1,
7126646,Lisa,1,
7126883,Richard,1,500.0
7128040,Barend,1,
7129026,Pleun,1,
7134355,Michiel,1,
7134681,Maria Petronella,1,95.0
7142339,Stefanos,1,
7147886,Krystian,1,
7153635,Suzanne D,1,480.0
7155259,Thijs,1,
7164170,Emily,1,270.0
7164603,Mila,1,601.0
7172088,Nuri,1,209.0
7176784,Evert,1,189.0
7177465,Willemijn,1,
7179295,Hester,1,174.0
7181185,Anoushka,1,120.0
7181665,Anouk,1,
7196627,Eveline,1,
7214692,Evgenia,1,
7215538,Minke,1,
7215643,Nina,1,180.0
7218607,Job En Suzanne,1,338.0
7220997,Anna&Marnix,1,
7222456,Robbert,1,400.0
7223790,Sanne,1,
7225606,Thijs,1,
7233652,Milan,1,
7234260,Miguel,1,233.0
7238084,Ruby,1,142.0
7240951,Hubert Jacques Désiré,1,395.0
7242440,Gerard,1,
7245730,Arthur,1,175.0
7245756,Ryan,1,385.0
7249564,Martina,1,198.0
7255043,Paul,1,145.0
7256557,Marian,1,252.0
7260685,Maarten,1,
7261788,Wilbert,1,113.0
7269376,Nassira,1,
7278134,Constanze,1,425.0
7280322,Diederick,1,180.0
7281237,Julie,1,
7282019,Jenneke,1,
7282755,Eva,1,
7302428,Sterre,1,
7305222,Viviane,1,170.0
7326442,Dorothea,1,
7327749,Jesper,1,
7335341,Lowana,1,636.0
7345246,Deja,1,622.0
7347568,Helene,1,225.0
7348383,Robert,1,
7351191,Paulien,1,79.0
7351200,Lotte,1,270.0
7356864,Robert Justin,1,
7357391,Peter,1,80.0
7361259,Bas,1,225.0
7369214,Jan-Jaap,1,315.0
7369890,Thomas,1,
7371529,Ton,1,68.0
7376255,Francois,1,
7381436,Claire,1,
7384896,Aukje,1,
7390838,Pieter,1,285.0
7391099,June,1,242.0
7393137,Fenno,1,
7393804,Denis,1,
7395971,Florine,1,200.0
7397156,Lynn,1,950.0
7399322,Omar,2,
7403304,Natascha,1,
7413680,Sam,1,288.0
7414914,Arie,1,375.0
7416165,Gijs,1,
7419004,Daan,1,773.0
7424311,Barry,1,
7424614,Marieke,1,
7425140,Rike,1,161.0
7427612,Ivar,1,302.0
7438608,Suze,1,114.0
7439929,Ana,1,288.0
7443489,Maartje & Jeremy,1,225.0
7445966,Pim,1,
7447336,Solveig,1,
7447481,Lavina,1,
7452059,Lizzy,1,204.0
7453922,Fauve,1,
7464110,Esther,1,600.0
7471863,Pieter,1,
7471979,Klaas,1,
7474002,Erica,1,248.0
7481598,Wiebe,1,
7498059,Ruben,1,
7502222,Kirsten,1,343.0
7503353,Elco,1,139.0
7504273,Roel,1,
7515735,Rogier,1,
7523310,Philip,1,300.0
7525954,Caroline,1,
7526326,Richard,1,200.0
7528156,Isabelle,1,
7538251,Joke,1,
7541276,Wineke,1,160.0
7542298,Marieke,1,
7543187,Marieke,1,
7546164,Isa,1,103.0
7547999,Taco,1,622.0
7550133,Saskia,1,
7554986,Martijn,1,153.0
7562836,Cindy,1,
7563908,Thijs,1,369.0
7570122,Remco,1,
7570689,Wilma,1,109.0
7573668,Jurjen,1,
7584224,Anke,1,113.0
7587618,Peppe + Karian,1,199.0
7589426,Adinda,1,
7591797,Marije,1,
7592803,Lua,1,
7596276,Isabelle,1,
7597129,Ben,1,318.0
7601328,Bas,1,
7601593,Meike,1,
7601720,Mishka,1,225.0
7621004,Wouter,1,264.0
7626197,Mees,1,
7630323,Bernadien,1,200.0
7639189,Marlies,1,107.0
7647768,Marloes,1,
7654744,Lucille,1,
7668325,Eva,1,194.0
7671673,Maarten,1,161.0
7672947,Marjolein,1,
7677579,Aukje,1,
7679262,Marijke,1,92.0
7679635,Remy,1,
7681233,Jacqueline,1,
7688870,Roos,1,201.0
7689361,Noortje,1,180.0
7691064,Gaspar,1,298.0
7693794,Christine,1,800.0
7694480,Suzanne,1,
7694698,Kristian,1,252.0
7700466,Laura,1,155.0
7711137,Mathilde,1,
7711819,Lisanne,1,
7716979,Julie,1,
7725994,Henk,1,
7727479,Sandra,2,198.0
7727773,Willem,1,
7729232,Dunya,1,
7736063,Mayra,2,
7754708,Sami-Jo,1,181.0
7759632,Nicolien,1,
7759839,Marie Ilse,1,
7761040,Jaydie,1,
7763522,Karin,1,
7767216,Paul,1,273.0
7767867,Martijn & Betina,1,110.0
7780586,Kassie,1,
7781394,Edward,1,
7781994,Rens,1,
7791462,Lisa,1,
7793478,Ellie,1,188.0
7794998,Chee Yee,1,195.0
7797262,Jalmar,1,234.0
7803724,Sten,1,120.0
7804507,Anke,1,225.0
7817130,Sally,1,
7818764,Maria,1,
7825195,Robin,1,320.0
7839528,Stefan & Elke,1,
7842731,Martijn,1,400.0
7843038,Maarten,1,240.0
7843658,Ellen,1,228.0
7844122,Dick,1,682.0
7845987,Rita,1,
7852606,Carien,1,341.0
7860360,MinJi,1,
7872233,Laura,1,475.0
7879126,Esmee,1,253.0
7886221,Koos,1,
7887083,Eric,1,
7889191,Jos,1,
7904918,Moritz,1,153.0
7906417,Roderick,1,220.0
7907088,Eefje,1,
7907666,Mijs,1,363.0
7912474,Roy,1,100.0
7915637,Catta,1,
7922782,Soraya,1,163.0
7925849,Steven,1,238.0
7926799,Suzanne,1,149.0
7928859,Mark,1,
7933602,Yulia,1,
7935313,Florence,1,
7939638,Karan,1,
7942509,Olga,1,
7943025,Laura,1,
7943711,Paul,1,
7944683,Vivianne,1,166.0
7945954,Michael,1,620.0
7952199,Jesse,1,147.0
7968106,Charlotte,1,240.0
7968650,Nicola,1,
7969106,Noah,1,
7976658,Maud,1,495.0
7982846,Lisanne,1,
7985072,Oscar,1,
7999104,Simon,1,
7999699,Nathan,1,
8009707,Selvano,1,148.0
8011802,Edoardo,1,531.0
8012285,Ruro,1,261.0
8012616,Axel,1,296.0
8019698,Valerie,1,
8044298,Wiby,1,
8046243,Roland,1,
8047190,Manuel,1,262.0
8053379,Jasper,1,270.0
8061269,Kasper And Cintia,1,
8064756,Sam,1,208.0
8065103,Thijs,1,
8071702,Anne,1,160.0
8088712,Yeter,2,393.0
8091375,Mattijs,1,203.0
8113642,Xiaodan,1,
8136794,Yvonne,2,235.0
8140762,Dirk,2,570.0
8148738,Dax,1,
8156336,Isabelle,1,297.0
8156370,Jeroen,1,230.0
8182188,Behdad,1,136.0
8186987,Iris,1,
8192727,Judith,1,
8192779,Michael,1,
8192978,Annelieke,1,211.0
8194617,Janneke,1,225.0
8196746,Carmen,1,
8210378,Louise & Eldad,1,
8227730,Dave,1,201.0
8236804,Elien & Frans,1,
8239523,Mart,1,
8246296,Boyd,1,
8248324,Anna,1,
8262925,Phillip,1,207.0
8263175,Auste,1,
8282387,Derek,1,349.0
8283523,Fen,1,270.0
8284564,Wiebe,1,180.0
8296118,Arnoldus Antonio,1,
8297182,Laura,1,162.0
8297308,Family Erich,1,
8299096,Willem,1,443.0
8310145,Marlieke,1,
8321212,Henry,2,183.0
8322297,Virginie,1,800.0
8325013,Olivier,1,383.0
8329753,Tessa,1,
8342293,Sietske,1,
8354596,Nick,1,
8376130,Antoinette,1,
8405599,Johan,1,389.0
8407811,Nadine,1,215.0
8420754,Jamie,1,
8447951,Maartje,1,
8449480,Frank,2,151.0
8462169,Roy,1,258.0
8484822,Alexandra,1,
8485124,Steff,1,
8489765,Alejandro,1,204.0
8492548,Cor,1,212.0
8494940,Emily,1,
8509480,Ruba,1,
8526077,Sella,1,
8526227,Morgane,1,
8529624,Yasmin,1,
8534655,Ella,1,379.0
8543470,Peter,1,350.0
8545919,Bart,1,420.0
8550583,Otto,1,388.0
8553930,Yvon & Jan,1,
8571784,Enneke,1,80.0
8578849,Eva,1,276.0
8580606,Anique,1,
8591448,Elise,1,325.0
8591807,Juliette,1,475.0
8600544,Vladimir,1,
8612749,Thomas,1,250.0
8612814,Laura,1,
8625958,Tom,1,
8637732,Cem,1,420.0
8648444,Marit,2,449.0
8657706,Elwin,1,263.0
8664912,Janet,1,111.0
8668895,Jan,1,375.0
8670477,C.,1,475.0
8670770,Kelsey,1,
8671568,Liesbeth,1,126.0
8676061,Irina,1,
8683118,Ralph,1,
8683621,Carolien,1,
8685469,Saskia,1,182.0
8691762,Mart,1,75.0
8692172,Sarah-Jane,1,
8697755,Pepijn,1,191.0
8708854,Lidwien,1,194.0
8725057,David,1,
8733767,Torben,1,356.0
8741023,Martijn And Kim,1,93.0
8745472,Will,1,235.0
8748700,Marloes,1,
8758957,Emanuel J.,1,
8766224,Jaap,1,148.0
8769670,Raymon,1,
8777217,Imke,1,252.0
8787804,Christiaan,1,
8789817,Ewa,1,
8791692,Gijs En Danielle,1,190.0
8793490,Eva Maria,1,213.0
8801297,Natalie,1,103.0
8802520,Bart,1,
8825389,Maartje,1,203.0
8826008,Juliet,1,
8829997,Bart,1,
8832348,Maayan,1,135.0
8840312,Tijmen,1,
8847244,Lars,1,
8849348,Derya,2,86.0
8851707,KloosUp,1,
8862907,Noor Mirjam Maria,1,310.0
8867901,Joost,1,
8868269,Berrit,1,181.0
8873574,Jillis & Cristina,1,139.0
8885872,Gijs,1,225.0
8895368,Stephanie,1,
8917636,Leonore,1,266.0
8920510,Monique,1,156.0
8934514,Holly,1,97.0
8935096,Bart,1,
8939849,Rienk,1,402.0
8951693,Roos,1,
8956501,Gabriella,1,113.0
8982145,Matthijs,1,
8982547,Martine,2,337.0
8984963,Justin,1,
8993151,Dinos,1,
9002083,Jacqueline,1,240.0
9012822,Jelle,1,
9025908,Rose,1,360.0
9032621,Fleur,1,213.0
9035487,Sjouke Julia,1,303.0
9036036,Julia,1,
9038101,Gijs,1,
9048125,Genevieve,2,86.5
9057143,Claire,1,
9064164,Rachel,1,68.0
9064219,Hans Govert,1,94.0
9066706,Lara,1,742.0
9074355,Maryse,1,195.0
9074719,Helena,1,263.0
9074947,Meike,1,600.0
9076829,Seb,1,194.0
9083880,Evelien,1,561.0
9084829,Anne,1,225.0
9085127,Edith,1,
9087533,Lidewey,1,190.0
9121131,Bastiaan,1,553.0
9121320,Carry,1,
9122960,Evelien,1,
9133729,Henk,1,150.0
9133733,Sara,1,270.0
9134433,Nofar,1,
9134634,Nina,1,
9135742,Moira,1,183.0
9136787,Cornelie,1,220.0
9136823,Maike,1,
9137095,Roos,1,212.0
9137400,Selcuk,1,270.0
9137568,Edwin,1,400.0
9139792,Flo,1,
9142061,Juliet,1,332.0
9158235,Tamas,1,199.0
9158738,Simone,1,
9162576,Gijs,1,
9162708,Amandine,1,
9164546,Ron,1,
9170538,Rosanne,1,
9191032,Linda,1,110.0
9191210,Steven,1,
9200127,Anne,1,380.0
9203368,Bart,1,111.0
9210809,Daan,1,
9210884,Maja,1,405.0
9211055,Carolien,1,
9223172,Sven,1,
9225306,Josien,1,
9228494,Fanneke,1,336.0
9244174,Denis,1,146.0
9252710,Djessie,1,320.0
9254550,Tawan,1,107.0
9264717,Robin,1,
9265236,Katie,1,
9268181,Courtney,1,
9275751,Hester,1,131.0
9282300,Dutch Masters,9,389.33
9284799,Pol,1,
9286450,Brent,1,259.0
9287447,Gert,1,
9287585,Raul,1,162.0
9301008,Albert,1,
9309869,Fleur,1,
9314105,Bauke,1,487.0
9322038,Marc,1,426.0
9323748,Mira,1,240.0
9333389,Michael,1,
9334536,Christian,1,
9363205,Els,1,176.0
9366216,Floris,1,203.0
9378114,Analia,1,500.0
9394648,Micky,1,192.0
9395721,Stanislava,1,190.0
9396158,Rob & René,1,100.0
9400664,Martine,1,225.0
9400716,Casper & Carolien,1,
9402778,Giovanni,1,
9406727,S.,1,469.0
9407279,Frank,1,
9412285,Ana,1,125.0
9419030,Reep,1,
9425046,Lindy,1,
9426449,Gabriel,3,150.33
9426534,Wilfred,1,
9427338,Ann,1,
9434039,Mark,1,
9435259,Thierry,7,132.57
9437554,Joost,1,188.0
9439980,Marcel,1,
9447620,Stefanie,1,
9448067,Sophie,1,405.0
9450267,Fabienne,1,185.0
9460352,Stephanie,1,209.0
9461397,Djoeke,1,150.0
9462022,Saskia,3,479.33
9467556,Alexandra,1,318.0
9476836,Barbara,1,
9478268,Anne-Marie,1,
9482375,Elizabeth,1,184.0
9482781,Nanning,1,
9490111,Anne,1,
9502480,Roel,1,130.0
9514809,Caesar,1,270.0
9519113,Miechiel,1,
9519500,Olijf,1,
9521903,Jennifer Johanna,1,252.0
9543617,Annelien,1,
9550824,Ashley,1,
9555971,Jan,1,
9557169,Jolijn,1,225.0
9560777,Simona,1,
9566368,Ana Maria,1,420.0
9566467,Pien,1,
9571458,Myrthe,1,
9578379,Celina,1,343.0
9579858,Caitlin,1,
9591432,Malou,1,
9591694,Gilles,1,
9596031,Gerrit Jan Hendrik,2,235.5
9598561,Janna,1,360.0
9601409,Nienke,1,
9615946,Paul,1,315.0
9619140,Hidde,1,
9625045,Sjoerd,1,187.0
9636845,Tamara,1,360.0
9637393,Marie,1,278.0
9641407,Joni,2,258.0
9642790,Jeroen,1,154.0
9644113,Donna,1,
9654680,Jelte,1,
9656553,Ricardo,1,500.0
9657216,Jacqueline,1,162.0
9660687,Sander,1,
9665876,Joram,1,
9666059,Rogien,1,
9674921,Jacobus Johannes,1,202.0
9676504,Franca,1,153.0
9678403,Leonie,1,280.0
9691940,Nicolaas,1,
9695955,Kunal,1,1200.0
9696237,Michiel,1,
9706305,Tim,1,
9718864,Neomie,1,
9720300,Bronte,1,
9723691,Brian,1,187.0
9732994,Ellen,1,
9734023,Stefan,1,
9735009,Jouke,1,198.0
9748351,Lisa Maria,1,
9748418,Lisa,1,
9751102,Judith,1,
9757980,Will,1,185.0
9758712,René,1,
9770044,Lauriane,1,280.0
9773347,Jasinka,1,
9781603,Unknown,1,182.0
9790923,Jantine,1,
9791621,Hugo,1,
9798963,Natasha,1,142.0
9799534,Marlijn,1,
9839065,Floris En Petra,1,151.0
9846503,Omer,1,473.0
9846631,Jesse,1,540.0
9866627,Claudia,1,
9868891,Katusha,1,149.0
9874890,Eduard,1,162.0
9877607,Edi,1,
9896039,Mustafa,1,247.0
9904162,Lorin,1,300.0
9905351,Erik,1,
9913279,Veronika,1,399.0
9920818,Hans,1,252.0
9925275,Anais,1,
9934252,Eline,1,
9936645,Thom,1,
9937348,Pieter,1,
9939424,Seyna,1,
9943984,Karen,1,
9945304,Siebrecht,1,
9948828,Ian,1,256.0
9957140,Max,1,
9957530,Patrick,1,450.0
9961834,Irene,1,
9971208,Maarten,1,
9988208,Erik,1,215.0
9997986,Sabine,1,125.0
10005869,Senem,1,200.0
10006250,Marc,1,410.0
10006607,Dana,1,
10008585,Marije,1,85.0
10008625,Hanneke,1,101.0
10009066,Christine,1,318.0
10012611,Jennifer,1,230.0
10015905,Michiel,1,167.0
10027212,Barbara,1,
10030360,Han,1,172.0
10030387,Steffi,1,323.0
10032070,Dennis,1,
10038303,Irma,1,
10048959,Stephanie,1,
10052583,Rob,1,
10057725,Anthony,1,230.0
10076897,Robin,5,
10078997,Gina,1,88.0
10079417,Ilana,1,100.0
10092422,Brigitte,1,
10095671,Villa Johanna,1,
10103388,Lorenzo Juan,1,183.0
10106174,Sarah,1,192.0
10110640,Liesje,1,
10116021,Marley,1,
10116811,Maaike,1,
10117243,Bob,1,275.0
10122091,Coenraad Guido Willem,1,
10127258,Daniel,1,
10131109,Mari,1,
10144681,Partoe,1,281.0
10150042,Rose,1,270.0
10156487,Rudolf Arnout,2,193.5
10165030,Anita Sabine,1,
10196771,Wies,1,180.0
10197276,Denise,1,
10197397,Auke,1,
10197812,Anneloes,1,
10205715,Tiffany,1,
10209352,Eline,1,171.0
10214875,Jutiliano,1,212.0
10222826,Bas,1,
10239444,Marit,1,285.0
10247431,Kiki,1,360.0
10254359,Koen,1,139.0
10258350,Sara,1,
10268429,Anita,1,
10271599,Erin,1,
10302269,Juliette,1,
10308497,Floor,1,
10309261,Vincent En Eveline,1,210.0
10312284,Samyra,1,
10319013,Masja,1,
10334201,Samantha,1,
10341649,Floortje,1,
10344430,Daan,1,130.0
10357178,Quita,1,
10367975,Victorine,1,
10370328,David,1,
10372922,Andrea,2,
10378439,Julia,1,
10380795,Arend,1,266.0
10387935,Selien,1,331.0
10388244,Robin,1,
10390341,Marijn,1,
10400480,Marc,1,
10420750,Nienke,1,216.0
10426971,Laura,1,
10428722,Yaap,1,10000.0
10428880,Wouter,1,
10436034,Fong,1,239.0
10436652,Heike,1,
10443880,Leonardo,1,225.0
10449097,Jason,1,
10452279,Laurens,1,
10465958,Martina,1,
10483759,Jonathan,1,90.0
10484870,Charlotte,1,
10487277,Eran,1,
10497718,Jan En Andrea,1,
10500854,Fransien,1,
10507416,Reto & Tania,1,180.0
10508004,Suzan,1,
10508986,Adriaan,1,
10516711,Bart & Rachel,2,
10528290,Ellen,1,258.0
10545313,Amos,1,
10561330,Saba,1,
10561944,Gijs,1,300.0
10565382,Wouter,1,
10565559,Felia,1,
10567920,Jelle,1,272.0
10568408,Thomas,1,260.0
10572608,Nirit,1,
10580499,Nick,1,
10585553,Joost,1,315.0
10592295,Evita,1,
10600165,Hedwig,1,
10600507,Jair,1,
10604372,Wijnand,1,146.0
10612084,Klaar,1,383.0
10613825,Mark,1,130.0
10616158,Martine,1,
10620995,Sake,1,204.0
10628928,Nienke,1,
10635100,B.J.,1,176.0
10649333,Fallon,1,
10652561,Julia,1,226.0
10652605,Engelbertha Berendina,1,248.0
10657186,Annika,1,89.0
10659488,Kyra,1,375.0
10667425,Kaveh,1,169.0
10670531,Wouter,1,
10689819,Eva,1,
10697763,Gianna,1,93.0
10698721,Clemens & Mariam,1,350.0
10704602,Chay,1,
10714666,Enahm,2,233.0
10726948,Sarah,2,104.0
10731758,Lotte,1,
10732521,Martins,1,
10739758,Taco,1,136.0
10742904,Daphne,1,
10755325,Noor,1,
10758440,Joep,1,579.0
10765660,Eleonore,1,
10766682,Govert,1,
10774721,Rudolf,1,
10775651,Romee,1,408.0
10778709,Marloes,1,150.0
10783298,Maarten,1,
10787311,Marlies,1,
10794639,Masha,1,
10802702,Anouk,1,162.0
10805127,Dieko,1,196.0
10809637,Ourania,1,216.0
10811675,Laura En Rene,1,141.0
10818003,Johan,1,
10818252,Filippo,1,123.0
10823862,Jelle,1,236.0
10832307,Willem,1,180.0
10842786,Samuel,1,182.0
10843415,Florieke,1,
10844398,Ozlem,1,213.0
10844429,Daniël,1,263.0
10844569,Rens,1,120.0
10862247,Sabrina,1,170.0
10863173,Cedric,1,
10863932,Marc,1,
10867286,Fedde,1,486.0
10872517,Suzanne,1,
10882714,Florentine,1,
10886830,Maike,1,
10886849,Noortje,1,239.0
10905798,Marèn,1,
10926645,"Femke, Jaap Jan",1,
10945068,Lodewijk & Esther,1,580.0
10945099,Jeanine,1,
10947261,Fleur,1,126.0
10961114,Claartje,1,
10964175,Mathieu,1,
10964441,Paris,1,463.0
10965305,Roos,1,302.0
10985751,Ting-Yu,1,
10990453,Justus,1,196.0
11000400,Sabine,1,272.0
11001794,Ernestine,1,211.0
11031688,Filippa,1,300.0
11036028,Justine,1,340.0
11037301,Robert,1,
11042700,Jasper,1,
11044264,Eline,1,
11044312,Jakub,1,186.0
11045085,Ray & Marieke,1,138.0
11054594,Dominique,1,
11057879,Steven,1,
11063737,Elizabeth Jennings,1,300.0
11068648,Marlou,1,300.0
11085752,Erik,1,
11086551,Nick,1,300.0
11098265,Sigyn,1,127.0
11115090,Sinem,1,322.0
11124402,Merel,1,138.0
11127803,Kristel,1,
11155354,Linda,1,259.0
11171013,Marte,1,
11177242,Melle,1,
11197487,Mark,1,315.0
11253622,Ieva,1,
11266873,Alberto,1,180.0
11284734,Evita,1,
11298369,Maartje,1,
11303672,Esmée,1,208.0
11305798,Thomas Arthur,1,225.0
11319500,Friedrich,1,
11325888,Marcelo,1,145.0
11342608,Andrea,1,375.0
11353909,Lot,1,254.0
11366697,Ted,1,
11386978,Frouke,1,300.0
11387936,Beauchamp,1,126.0
11394351,Bas,1,
11408530,Mayya,1,
11409593,Nishit,1,324.0
11413756,Christian,1,181.0
11435445,Valentine,1,200.0
11446265,Jennifer,1,329.0
11455458,Lukas,1,206.0
11468114,Veer,1,175.0
11471055,Jules,1,
11473821,Sabrina,1,
11475526,Marthe,1,
11484134,Daan,1,
11484890,Edith,1,313.0
11486991,Isabelle,1,
11514157,Jonah,1,
11514457,Valerio,1,
11516083,R,1,
11517971,Floor,1,
11530299,Saskia,1,476.0
11530541,Maurits,1,199.0
11538527,Willemijn,1,136.0
11541695,Jessie,1,145.0
11544281,Joost,1,320.0
11551942,Jakob,1,
11556461,Jaap,1,590.0
11580214,Steve,1,
11580465,Floor,1,
11580532,Benjamin,1,277.0
11601106,Sonja,1,343.0
11603151,Melissa,1,
11603979,Antonio,1,
11609778,Ellie,1,
11619276,Ninette,1,
11622792,Ruud,1,
11632576,Lennart,1,150.0
11640277,Juan,1,
11646914,Nada,1,
11649076,Esther,1,
11652482,Peter,1,168.0
11654284,Olga,1,198.0
11661424,Nick & Kirsten,1,
11667528,Christina,1,150.0
11682498,Sjuulke,1,200.0
11687940,Kim,1,
11691173,Lucy,1,270.0
11701759,Marius Johannes,1,139.0
11714550,Agatha,1,300.0
11724679,Sonja,1,
11733496,Gees,1,
11759010,Joost,1,244.0
11759510,Karel,1,338.0
11785935,Jos,1,
11791443,Thamar And Julius,1,312.0
11793910,Joyce,1,280.0
11794055,Pauline,1,
11808004,Henry,1,217.0
11812792,Nick,1,250.0
11814181,Hylke,1,380.0
11814916,Wiecher,1,252.0
11823844,Joshua,1,
11832094,Roos,1,
11833365,Itamar,1,179.0
11835326,Myrna,1,241.0
11839956,Sophia,1,320.0
11841573,Nadia,1,
11885109,Hangfeng,1,
11892112,Joep,1,
11895359,Lisa,1,
11896685,Izabela,1,
11901935,Tomer,1,1650.0
11909053,Niels,1,
11910163,Carolien,1,
11924908,Leah,1,183.0
11929685,Heidi,1,
11931372,Hanneke,1,
11934987,Merri,1,
11969034,Raul,1,366.0
11990077,Isabella,1,
11993894,Iris,1,126.0
12003994,Hans,1,300.0
12018970,Ruud,1,
12025422,Novella,2,155.0
12031019,Claire,1,
12033910,Giulia,1,450.0
12058167,Julia,1,
12076328,Karanne,1,304.0
12079820,Mieke,1,170.0
12081764,Giulia,1,
12083189,Mariette,1,198.0
12090309,Robert,1,395.0
12121655,Flo,1,180.0
12143638,Jacqueline,1,
12147206,Pieter,1,
12150775,Jeranne,1,
12167638,Gabrielle,1,
12179257,Martine,1,330.0
12179373,Nathalie,1,
12188983,Jasper,1,
12203902,Judith,1,119.0
12216110,Alexandre,1,
12229508,E&K,1,326.0
12232781,Danielle,1,
12241861,Philip,1,
12249725,Melanie,2,
12280795,Jelle,1,
12290413,Katja,1,
12293873,Sjors,1,
12295544,Ruben,2,
12306135,Sander,1,
12327340,Michelle,2,108.0
12341291,Ajay,1,
12343147,Hermen,1,254.0
12348866,Jan-Tjalling,1,118.0
12349019,Davide,1,213.0
12354457,Sebastiaan,1,149.0
12364777,Suzanne,1,
12367542,Jo-Ann,1,
12379807,Bas,1,145.0
12392393,Jurry,1,
12392482,Yoan,1,
12392805,Karin,1,
12408484,Dorian,1,
12412642,Alexis,1,
12412862,Irina,1,252.0
12412954,Joost,1,405.0
12414776,Roemer,1,
12416694,Alexander,1,360.0
12424264,Roy,1,386.0
12426171,Maaike,1,
12444783,Suzanne,1,
12448020,Maria,1,123.0
12452275,Lysbet,1,224.0
12464622,Else,1,137.0
12464627,Rosa,1,
12468549,Arno,1,
12477606,Frank,1,342.0
12480721,Lisette,1,
12491964,Yann,1,196.0
12499590,Brigitta,1,
12518974,Karin,1,
12547711,Isaura,1,
12572898,Alëna,1,
12574181,Gerard,1,
12599380,Mieke,1,154.0
12599696,Michiel,1,432.0
12599782,Greg,1,
12602717,Elvira,1,
12605073,Marit,1,
12605546,Evelie,1,475.0
12607303,"Monique, Fela, Flint",1,115.0
12610858,Anne,1,145.0
12618389,Alice,1,
12629831,David,1,
12636416,Rolinda Esther,1,250.0
12643652,Jasmin,1,200.0
12679676,Thomas&Eyal,1,129.0
12684615,Petra,1,
12690063,Annemarie,1,
12690109,Jacqueline,2,119.5
12694637,Jacqueline,1,
12694680,Dagmar,1,275.0
12695223,Danielle,1,600.0
12696599,Merel,1,224.0
12697281,Vera,1,83.0
12716118,Pier,1,
12721238,Anne-Marie,1,
12724394,Chretien,1,250.0
12724439,Monique,1,299.0
12735907,Conchita,1,
12749039,Sheryl,1,198.0
12750410,Emma,1,
12752604,Daniel,1,
12754971,Anaïs,1,
12755760,Anne Lieke,1,249.0
12757421,Noa,1,
12763424,Nienke,1,
12766031,Jochem,1,
12781730,Koen,1,
12782398,Hein,3,287.0
12784049,Ruud,3,275.67
12788265,Bart,1,105.0
12790276,Sanne,1,
12802629,Marie,1,351.0
12829934,Nicole,1,
12830131,Bart,1,
12835331,Marcel,1,238.0
12840373,Arturs,1,
12859025,Doro,2,154.0
12859807,Chris & Carina,1,
12867243,Ewout,1,
12900721,Clementine,2,200.5
12917950,Britt,1,170.0
12946231,Emma Louisa Francisca,1,
12953966,Johanna Geertruida,1,155.0
12961955,Marlies,1,264.0
12965030,Carla,1,
12975910,Sylvie,1,180.0
12978317,Annet,1,
12978768,Vincent,1,65.0
12981929,Hanne,1,270.0
12990548,Hidde,1,160.0
13014479,Suzanne,1,
13025748,Clair,1,
13025857,Nelson,1,208.0
13026743,Laurens,1,591.0
13029894,Emile,1,316.0
13033219,Olga,1,
13034277,Theo,1,
13054938,Simon,1,
13060448,Holly,1,240.0
13086804,Nathalie,1,276.0
13091805,Roos,1,
13098216,Elianne,1,124.0
13103596,Danielle,1,160.0
13104104,Alexander,1,150.0
13116549,Pepi,1,226.0
13130024,Martyn,1,1401.0
13142543,Ramon & Rinske,1,230.0
13165072,Jj,1,500.0
13170844,Jacqueline,1,900.0
13177378,Elsemieke & Stijn,1,
13178305,Lars,1,
13178396,Nicky,1,175.0
13181512,Floris,1,
13191516,Frederik,1,
13213532,Historical Canal House,2,211.5
13228073,Olmo,1,
13229223,Oscar,1,
13230035,Maria Francisca,1,
13252311,Aicha,1,
13265942,Kees,1,
13270278,Maarten,1,
13271177,Janneke,1,499.0
13274593,Piet,2,
13287771,Mick,1,299.0
13288851,Monique,1,
13290994,Güngör,1,
13291991,Danny,1,295.0
13293568,Dam,1,353.0
13294409,Kelly,1,405.0
13296269,Cato,1,
13310451,Carole,1,
13313775,Daniel,1,171.0
13316845,Djonie,1,
13338413,Ivo,1,349.0
13340258,B&B Woestduin,1,
13346141,Stefan Norbert,1,171.0
13350215,Liduine,1,231.0
13354013,Reinardus,1,
13364704,Olga,1,173.0
13365386,Ester,1,
13365686,Sjoerd,1,
13370112,Aafke,1,441.0
13384875,Sezi,1,
13413671,Georg,2,82.5
13419737,Reinout,1,166.0
13431903,Michelle,1,163.0
13432385,Feline,1,361.0
13432849,Jonne,1,
13436754,Marjan,1,
13446736,Willemijn,1,296.0
13452025,Jean,1,
13454643,Matteo,1,
13455439,Laura,1,225.0
13476159,Tasos,1,
13479475,Chris,1,249.0
13485609,Frank,1,203.0
13487234,Agaath,1,
13490222,Lisette,1,255.0
13493470,Colette,1,
13494818,Jazz,1,280.0
13516494,Gerrit,1,254.0
13521114,Shula,1,300.0
13523997,Alexandra,1,239.0
13527741,Mischa,1,122.0
13527960,Femke,1,294.0
13538315,Ingmar,1,
13557927,Hugo,1,
13572361,Inger,1,
13575298,Michiel,1,950.0
13594947,Sarah,1,
13596799,Denise,1,
13632587,Ewa,1,
13655037,Fleur,1,
13659182,Wimie,1,216.0
13685175,Collin,1,
13693184,Jitta,1,309.0
13693219,Chiara,1,182.0
13699212,Theodor,1,
13726123,Jihane,1,
13728121,Margo,1,
13740128,Helene,1,350.0
13744875,Jerry,1,
13764503,Nina&Predrag,5,390.0
13766282,Jasper,1,
13775912,Lorenzo,1,
13782476,Rianne,1,300.0
13791055,Hulya,1,
13807774,Kirsten,1,
13816517,Grace,1,137.0
13818262,Palmyra,1,
13819352,Rutger And Carla,1,378.0
13820826,Fleur,1,
13821487,Katinka,1,
13823916,Veerle,1,
13840094,Juliette,1,450.0
13848060,Merel,1,
13852214,Thom,1,180.0
13862000,Femke,1,404.0
13881562,Nijat,1,127.0
13885350,Giulia,1,
13895393,Carla,1,
13912676,Jeff,1,
13916915,Dominique,1,192.0
13941331,Mark,1,
13947044,Peter,1,84.0
13960281,Erica,1,
13960296,Michiel,1,513.0
13982250,Johannes,1,156.0
14004831,Lianne,1,
14004998,Florentine,1,
14009397,Claartje,1,351.0
14011376,Sophie,1,
14012819,Subhodip Pal,2,
14020967,Tomas,1,238.0
14025318,Richard,1,
14034009,Sander,1,
14039696,Raymond,1,
14049960,Dennis,1,
14051682,Valerie,1,
14055367,Hannah,1,233.0
14071035,Willem,1,
14071148,Dylan & Laura,1,308.0
14087004,Wouter,1,98.0
14087019,Sanne,1,
14088025,Timpe,1,
14089543,David & Marijke,1,
14108532,Kerem,1,165.0
14110223,Jan Willem,1,
14111343,Eveline,1,
14117569,Rosalie,1,171.0
14122005,Rick,2,59.5
14150256,Anneke,1,
14150525,Joris,1,
14151494,Laura,1,189.0
14161457,Roy,1,
14183444,Bas,1,200.0
14183701,Jacob,1,139.0
14184694,Paola,1,
14187610,Yvo,2,194.0
14200991,Huub,1,
14201313,Stephanie,1,
14218464,Suzanne,1,172.0
14229277,Ties,1,
14229551,Chantal,1,
14233984,Sandra,1,242.0
14234185,Merel,1,258.0
14242778,Katelijne,1,
14263837,Irakli,1,175.0
14271525,Annelieke,1,83.0
14275195,Judi,1,204.0
14307292,Dewi,1,
14316583,Stephanie,1,341.0
14318799,Carola,1,158.0
14327101,Lydia And Roelof,1,141.0
14358485,Rutger,1,500.0
14366013,Anik,1,
14367829,Lena,1,
14370723,Matthijs,1,243.0
14376149,Chiel,1,
14386648,Constantijn,1,
14390964,Iris,1,243.0
14393296,Hannah,1,187.0
14394019,Fernando,1,
14399689,Diğdem,1,
14399838,Tamara,1,198.0
14403546,Emiel,1,
14407001,Mathijs,1,
14414653,Jelmer,1,
14434824,Stijn,1,184.0
14440618,Roel,1,
14441385,Kurtly,1,
14453745,Nina,1,175.0
14460671,Remi,1,249.0
14465690,Joris,1,145.0
14472578,Carla,1,177.0
14480221,Arno,1,
14482027,Katrin,1,
14509904,Jacquelien,1,114.0
14515584,Crista,1,
14537613,Elise,1,357.0
14539347,Sandra,1,126.0
14542751,Tessa,1,335.0
14548042,Wietske,1,225.0
14556283,Zoë,1,95.0
14569976,Aleksander,1,1544.0
14574533,Hotel Not Hotel,15,119.13
14578066,Michiel,1,
14590304,Regina,1,
14591874,Genevieve,1,
14595702,Ernst,1,
14597928,Ivo,1,250.0
14599740,Sebastián,1,500.0
14620877,Emiel,1,
14626041,Jo,1,130.0
14633207,Miriam,1,
14633717,Estanislao,1,239.0
14649569,Chris,1,342.0
14669931,Marion,1,
14671199,Bobbie,1,222.0
14681534,Marie,1,
14691758,Frank,1,
14707598,Mirza,1,
14708259,Florianne,1,250.0
14708552,Sabine,1,
14710095,Yael,1,
14715212,Michelle,1,225.0
14765223,Sylvain,1,
14779784,Hesther Elisabeth,1,
14783778,Svea,1,
14785872,Martijn,1,285.0
14787228,Daan,1,265.0
14788115,Andrew,1,114.0
14793877,Luna,1,
14794234,Marjolein,1,
14800933,Kenneth,1,137.0
14810435,Elena,1,325.0
14825531,Koen,1,311.0
14831897,Chris,1,
14835667,Ruben,1,304.0
14837099,Li,1,
14842883,Esther,1,
14847334,Peter & Marieke,1,502.0
14856684,Linus,1,
14884381,Laurien,1,
14896844,Yvette,1,
14921396,Frank & Lisa,1,240.0
14921773,Nikolaos Alexandros,1,271.0
14934634,Tiago,1,
14967139,Robertus Antonius Mathijs,1,211.0
14970026,Ethel,1,114.0
14975175,Laura,1,
14979924,Zizie,1,
14983231,Geto,1,134.0
15010240,Andrea,1,
15015722,Nienke,1,160.0
15040057,Simon,1,
15042818,Hilde,1,248.0
15050134,Katja,1,162.0
15054166,Tesse,1,257.0
15068613,Selmer,1,
15069533,Joeri,1,
15070944,Lindsey,1,
15072236,Sharon,1,
15073333,Erwin,1,133.0
15084553,Dirk,1,222.0
15088900,Vincent,1,
15091929,Julie,1,388.0
15095588,Annique,1,
15095625,Frank,1,
15114999,Daniela,1,
15118583,Xander,1,342.0
15118667,Tom,1,251.0
15122071,Wouter,1,
15131204,Marianne,1,180.0
15131983,Marlou,1,170.0
15158332,Frans,1,
15173672,Sophie,1,
15178012,Sjoerd,1,
15183505,Siep,1,510.0
15186254,Evelien,1,197.0
15223429,Elsemieke,1,
15225846,Wieger,1,
15233629,Peter,1,
15260422,Judith,1,191.0
15271689,Arjuna,1,
15273773,Olaf,1,357.0
15290088,Fleur,1,
15297805,Emelie,1,
15298109,Madelief,1,
15302962,Michaël,1,217.0
15327550,Bregje,1,
15330158,Evie,1,425.0
15331073,Lara,1,
15335105,Netteke,1,199.0
15336049,Marichelle,1,
15343211,Brigitte,1,
15361032,Marloes,1,
15363263,Ronald,1,
15373223,Fauve,1,
15375958,Bobbie,1,250.0
15385816,Sam,1,
15421679,Boris,1,
15422752,Pelle,1,
15424013,Onno En Inez,1,
15424301,Bernard,1,122.0
15428298,Zoë,1,252.0
15440492,Goos & Arno,1,
15454820,Zoe,1,400.0
15457910,Laura,1,219.0
15472410,Jeremy,2,236.5
15480229,Pablo,1,
15480306,Irina,1,246.0
15481215,Sabine,1,215.0
15483825,Ellen,1,209.0
15484042,Manuel,1,
15504079,Jeroen,1,
15505510,Steffanie,1,
15507949,Julie,1,
15510514,Bastiaan E.,1,
15518704,Jacques,1,225.0
15523143,Caroline,1,297.0
15524541,Suzanne,1,
15525559,Harriet,1,
15527121,Joris,1,
15531395,Noor,1,140.0
15531406,Pieter,1,200.0
15531604,Anton And Julia,1,
15535674,Sarah,1,200.0
15545620,Zade,1,199.0
15548558,Heath,1,652.0
15573548,Daan,1,
15573784,Jochem,1,200.0
15587666,Sumeyya,1,
15587944,Niels,1,482.0
15603718,Thomas,1,
15604365,Max,1,
15605656,Pieterneeltje Maria,1,136.0
15637780,Tim,1,155.0
15653925,Cathelijne,1,160.0
15669008,Ilana,1,
15674241,Wouter,1,
15675916,Thomas Joost Pirmin,1,520.0
15679848,Martin,1,541.0
15705976,Rianne,1,
15712909,Nima,3,89.33
15731039,Olivier,1,175.0
15734298,Thomas,1,170.0
15756210,Johan Christiaan Matthijs,1,
15761195,Irene,1,212.0
15775832,Sander,1,
15781963,Ivo,1,
15800792,Albertine,1,358.0
15804193,Barnaby,1,162.0
15812999,Ad & Anna,1,157.0
15822324,Esther,1,
15849792,Vera,1,140.0
15854712,Katja,1,347.0
15856739,Sabine,1,208.0
15860061,Wouter & Caroline,1,131.0
15881772,Jody,1,
15887775,Gerrit Jan,1,197.0
15892996,Lemke,1,
15900652,Marit,1,184.0
15916616,Pieter,1,
15917484,Anita,1,
15923462,Monique & Jip,1,114.0
15953240,Nicolas,1,99.0
15959131,Myriam,2,168.0
15964538,Tjeerd,1,
15967997,Laura,1,
15968958,Serge,1,
15971092,Ira,1,207.0
15971324,Maud,1,
15976351,Valentijn,1,240.0
15980390,Henry,1,436.0
15986282,Brigit,1,165.0
15996910,Rofaiel And Sun,4,159.33
16017723,Lj,1,
16029930,Elisa,1,
16050588,Tiphaine,1,
16054546,Yvette,1,
16055536,Cecilia,1,
16095451,Mosanne,1,
16123975,Loes,1,
16124101,Margo,1,232.0
16125670,Lity,1,274.0
16126732,Bob,1,
16144575,Eeg,1,204.0
16168703,Otto,1,232.0
16177681,Tommy,1,
16194045,Ska,1,
16211727,Kirsten,1,250.0
16213959,Olivier,1,
16229638,Marjolijn,1,
16235182,Alfred,1,124.0
16247791,Allard Frank,1,
16251842,Claudiu,1,
16265291,Nienke,1,210.0
16269224,Tata,1,
16274382,Gina,2,92.0
16316608,Hans,1,241.0
16319461,Nilay,1,103.0
16321910,Lucia,1,
16336730,Samuel,1,350.0
16342008,Chris,1,
16344806,Frank,1,
16345289,Hans,1,271.0
16360879,Jan,1,
16368447,Ronald,1,155.0
16368789,Julien,1,459.0
16377227,Chiara,1,
16382847,Vieve,1,
16388949,Lotte,1,
16408407,Doenja,1,284.0
16410524,Ignacio,1,
16410802,Malou,1,425.0
16418309,Jasper,1,495.0
16422889,Jorn,1,309.0
16427526,Marlies,1,238.0
16430570,Caroline,1,298.0
16432662,Niels,1,140.0
16442553,Irthe,1,243.0
16451152,Feride,1,
16453001,Lukas,1,
16454923,Ruben,1,
16460136,Amanda,1,131.0
16475164,Dani,1,
16488060,Renee,1,
16493384,New,1,560.0
16493720,Luc,1,
16500222,Julia,1,409.0
16527898,Megan,1,
16531672,Ugur,1,
16535126,Nico,1,1297.0
16536809,Annelies,1,
16562792,Esther,1,
16562955,Maroesjka,1,300.0
16564018,Richard Boudewijn Arie,1,
16566733,Liselotte,1,
16567823,Tiffany,1,
16571801,Ilse,1,135.0
16573231,Frederiek,1,
16573812,Andrei,1,
16575399,Harry And Chantel,1,105.0
16582675,Aldin,1,
16583473,Alphons,9,89.43
16586346,Olivia,1,149.0
16602759,Martijn,1,124.0
16608644,Lore,1,
16609873,Matthijs,1,204.0
16626677,Cornelis Ewout,1,200.0
16629847,Christiaan,1,
16634603,Hermen,1,
16636084,Ashraf,1,
16646960,Matilde,1,
16654422,Michael,1,180.0
16665211,Anne,1,
16678657,Yora,1,172.0
16679663,Johan,1,248.0
16683382,Adam,1,251.0
16693219,Diederick,1,
16699086,Liliana Maria,1,142.0
16705090,Hans,1,
16716858,Koen,1,
16732487,Pascal Juliette Emilie,1,212.0
16734141,Manon,1,
16763265,Monica,1,229.0
16768552,Maxime,1,241.0
16776262,Godelieve,1,
16779411,Tijn,1,
16781387,Etkin,1,316.0
16784503,Stijn,1,
16798348,Keeva,2,108.0
16800849,Philip,1,
16803943,Claire,1,250.0
16808461,Niels,1,
16817392,Maria Elena,1,272.0
16819959,Jenny,1,228.0
16824850,Nadim,1,550.0
16828309,Rebecca,1,322.0
16840507,Julie,1,
16855496,Ashkaine,1,
16866316,Jorrit,2,
16873509,Mardou,1,189.0
16890485,Silvia,1,
16894912,Elif,1,333.0
16898219,Margaux,2,
16911422,Tom,1,
16911797,Femke,1,
16915818,Nienke,1,
16916490,Merin,1,
16944484,Ray,1,489.0
16944659,Jacqueline,1,
16947067,Marrigje,1,157.0
16956452,Lucas,1,
16989719,Luc,1,
16990973,Rene,1,
17000445,Jet,1,167.0
17003884,Arthur,1,200.0
17004572,Bibi,1,121.0
17009817,Dennis,1,
17028825,Li,1,
17031867,Stijn,1,
17043408,Mariella,1,131.0
17059538,Jan-Erik,1,
17060207,Anne,1,
17063058,Joyce,1,
17069976,Marja,1,
17134078,Julia,1,134.0
17140193,Roel En Malou,1,111.0
17154831,Ben And Fay,1,
17160407,Robert,1,206.0
17160542,Adrian,1,
17184413,Samia,1,321.0
17185692,Marcia,1,
17187656,Marga En Rico,1,
17188839,Nina,1,473.0
17203408,June,1,350.0
17211323,Nicole,1,338.0
17229682,Tim,1,
17230735,Madee,1,200.0
17231451,Maria Gracia,1,
17231542,Eline,1,
17233915,Nilufer,1,249.0
17241555,Vincent,1,275.0
17244536,Jurjen Adriaan,1,196.0
17246472,Jelka,1,164.0
17247722,Lauren,1,567.0
17256891,Iris,1,171.0
17261861,Nick,1,197.0
17278505,Vincent,1,
17280723,Arthur L,1,167.0
17281398,Maaike & Menno,1,
17285960,Laura,1,240.0
17288866,Joost,1,
17294326,Lineke,1,
17295684,Angel Alberto,1,235.0
17314787,Eva,1,
17319999,Barend,1,300.0
17321895,Alexander,1,
17323473,Celeste,1,
17357880,Belen,1,351.0
17359905,Mark,1,
17361547,Katinka,1,
17396697,Berry,1,
17414033,Wouter,1,175.0
17414355,Marloes,1,
17414846,Henrike,1,147.0
17417642,Albert,1,495.0
17417943,Marieke,1,
17422804,Julia Lisa,1,176.0
17434309,Nathan,1,
17436619,Sophie,1,171.0
17438517,Milan,1,703.0
17454540,Hanni,1,
17456471,Laureen,1,
17458008,Sjoerd,3,186.33
17461550,Naomi,1,
17463471,Claudine,1,197.0
17472932,Peter Jan,1,170.0
17490242,Myrthe,1,
17516319,Norèn,1,
17519276,Jolieke,1,289.0
17537276,Thomas,1,260.0
17549843,Marion,1,157.0
17561192,Maaike,1,
17584726,Anneke,1,161.0
17588031,Willem,1,
17606907,Wiebe,1,238.0
17607907,Karin,1,212.0
17609360,Jeroen,1,375.0
17623849,Sander,1,
17627439,Hylke,1,231.0
17629159,Charlotte,1,356.0
17633661,Nick,1,
17635284,Michèle,1,175.0
17638832,Annemieke,1,
17644048,Mandy,1,
17650012,Lotte,1,272.0
17663498,David,1,
17669453,Jasper,1,164.0
17675024,Floris,1,162.0
17684755,Lorraine,1,
17713451,Sophie,1,237.0
17716892,Etienne,1,
17734335,Rosalie,1,
17749496,Martijn,1,
17754212,Bastian,1,
17756102,Wendy,1,
17760324,Laurens,1,
17764864,Frank,1,
17767637,Tijmen,1,200.0
17786785,Charline,1,
17803525,Florentine,1,284.0
17808729,Yvette,1,270.0
17808959,Alan,1,
17809203,Matu,1,282.0
17809759,Amanda,1,
17813774,Carolien J,1,
17818675,Nora,1,
17822705,Hidde,1,
17824939,Simon,1,
17829780,Sandra,1,
17831512,Famke,1,153.0
17834960,Yoanna,1,
17841111,Felicity And Michael,1,222.0
17856419,Anna,1,315.0
17869174,Paul,1,254.0
17888019,Jaap,1,
17898488,Johan,1,
17905452,David,1,
17908565,Sharon,1,
17927317,Sabine,1,
17928420,Stein,1,186.0
17929296,Ernst & Madelief,1,198.0
17942652,Yuta,2,406.0
17952331,Jan,1,82.0
17972078,Thomas & Sophie,1,226.0
17979369,Pjotr,1,270.0
17991018,Veerle,1,395.0
17991662,Christien,1,
17992415,Joppe,1,284.0
17992500,Yago,1,300.0
17993082,Giorgio,1,
17994945,Nienke,1,
18004684,Quentin,1,258.0
18009931,Esmé,1,
18036487,Freek,1,210.0
18047532,Daan,1,
18048015,Florentine,1,185.0
18051010,Sander,1,193.0
18055669,Floor,1,
18057900,Roëlle,1,333.0
18073406,Laura,1,368.0
18074070,Svenja,1,228.0
18079137,Iris,1,
18081557,Paul,1,
18081564,Steven,2,5200.0
18087498,Michelle,1,
18087783,Kirsty,1,135.0
18100158,Stella,1,380.0
18104290,Nathalie,1,132.0
18125231,Philippine,1,
18147307,Kleopatra,1,
18149375,Nina,1,207.0
18163774,Erik & Sandra,1,
18180611,Eva Julia,1,
18184896,Marit,2,404.0
18184982,Madelon,1,
18209438,Merel,1,220.0
18232214,Thijs,1,158.0
18238265,Karlien,1,
18240773,Willemijn,1,
18241115,Renske,1,
18263625,Roman,1,268.0
18273093,Henri,1,
18320609,Fiore,1,156.0
18329703,Sam,1,279.0
18334011,Carien,1,268.0
18340032,Rolf,1,185.0
18369014,Roel,1,232.0
18373484,Monique,1,
18376865,Rachel,1,
18383699,Eelko,1,
18411808,António,1,
18412998,Maikel,1,324.0
18414005,Maarten,1,
18433687,Francois Pascal,1,145.0
18436383,Bobby,1,
18441215,Marije,1,
18450996,Jordis,1,
18454413,Marc,1,383.0
18469014,Phillip,1,
18471927,Lilia,1,150.0
18472447,Nina,1,290.0
18480469,Malon,1,
18482089,Klaas,3,49.33
18483013,Hannah,1,531.0
18483278,Martijn,1,
18487913,Emily,1,306.0
18488159,Jelle,1,
18494271,Nicholas,1,284.0
18521283,Rene,1,
18529588,Bart,1,477.0
18534338,Mathieu,1,
18538796,Changwei,1,221.0
18539326,Reinout,1,
18559590,Maarten,1,225.0
18569537,Bas,1,350.0
18582599,Robin,1,
18594482,Hugo,1,351.0
18614907,Valerie,1,851.0
18624637,Frederic,1,201.0
18631243,Daniel,1,315.0
18654311,Roos,1,
18664993,Arnold,1,190.0
18665885,Ginte,1,191.0
18675105,Anneke,1,265.0
18677551,Nick,1,
18715530,Marijke,1,
18730628,Alissa,1,
18739162,Tessa,1,
18747510,Caio,2,155.5
18759112,Luca,1,204.0
18784713,Adriaan,1,
18787526,Bop & Eve,2,160.5
18801973,Ruud,1,
18812122,Peter,1,736.0
18823161,Marion,1,86.0
18825148,Michiel,1,
18827935,Frank,1,
18846307,Youri,1,
18850520,Romy,1,
18856416,Kiki,1,248.0
18857065,Anne- Marijn,1,200.0
18863124,Laura,1,
18880586,Thomas,1,267.0
18892720,Ruud,1,135.0
18905348,Bob,1,200.0
18910593,Lotte,1,
18915848,Robert,1,
18918001,Naomi,1,
18918467,Jasper,1,
18920956,Floor,1,
18925294,Mimi,1,
18929158,Simone,1,216.0
18933392,Peter,2,
18977506,Maayke,1,
18983543,Timmy,1,153.0
18986006,Shehnoor,1,
18987713,Julia,1,214.0
18998986,Marc,1,119.0
19015099,Roman,1,415.0
19017229,Leonardo,1,
19018770,Joep,1,
19019597,Els,1,
19022563,Sophie,1,250.0
19024460,Marco,1,338.0
19025617,Dieta,1,362.0
19027021,Harry,2,404.0
19029497,Resalieke,1,238.0
19035608,Anthea,1,
19053525,Sabine,1,
19063095,Manon,1,
19088022,Elijah,1,
19100429,Lot,1,429.0
19107259,Constantijn,1,
19109502,Akos,1,
19111367,Hadar,1,284.0
19112311,Pim,1,
19116137,Manouk,1,
19144697,Sarah,1,284.0
19147640,Bing,1,
19152500,Dionne,1,210.0
19156719,Okke,1,151.0
19182696,Lynn,1,
19194903,Brendan,1,229.0
19203781,Richard Thomas,1,
19212223,Bernadien,1,197.0
19215663,Nyaki,1,90.0
19223862,Rosie,1,
19227354,Peter,1,373.0
19228755,Theodor Emil Adolf,2,151.0
19235713,Nina,1,293.0
19238739,Lara & Marco,1,336.0
19246777,Nina,1,
19270618,Esmée,1,171.0
19272242,Hanneke,1,
19276946,Onno,1,188.0
19282118,Thomas Peter,1,154.0
19285155,Tessa,1,500.0
19285283,Isadora And Cristian,1,
19286887,Moosa,1,176.0
19294856,Claire,1,237.0
19335533,Maud,1,292.0
19336832,Max,1,184.0
19369383,Hakan,1,116.0
19376744,Kevin,1,
19378648,Robert,1,
19404442,Casper,1,370.0
19440780,Alexander,1,
19449592,Siri,1,
19469475,Evelien,1,159.0
19473817,Joan Frances,1,282.0
19506993,Marlou,1,
19513953,Wout,1,315.0
19526813,Sofie,1,
19533317,Daniel,1,281.0
19551497,Pim,1,286.0
19556823,Edmee,1,480.0
19556947,Irene,1,270.0
19556955,Joeri,1,428.0
19558388,Iris,1,
19562807,Tahier,2,185.0
19568304,Annelie,1,
19617153,Hans,1,
19625866,Rocio,1,
19626159,Kelly,1,
19640285,Derk,1,
19645752,Andrei,1,
19651748,David,1,
19669228,Frederique,1,215.0
19671400,Romana,1,181.0
19673390,Nikki,1,272.0
19691946,Koen,1,
19695482,Carol,1,
19711470,Mark,1,759.0
19723982,Boris,1,
19732607,Nienke & Jacco,1,
19746918,Lisette,1,300.0
19772697,Olivier,1,
19778432,Marijn,1,225.0
19781204,Ceska,1,
19789093,Oliver,1,302.0
19793596,Manja,1,
19801156,Nina,1,
19801210,Remi,1,
19804637,Nathalie,1,
19813149,Wineke,1,177.0
19827437,Anouk,1,
19834309,Arjan,1,250.0
19842964,Simon,2,163.0
19846505,Familie,1,425.0
19849963,Jop & Cindy,1,
19850735,Aart,1,104.0
19879540,Ineke,1,
19880637,Natasja,1,301.0
19885989,Wen Ling,2,187.0
19886024,Safira,1,
19892498,Annemarie,1,314.0
19892519,Daphne,1,360.0
19902029,Leendert,1,
19906446,Martijn,1,353.0
19911456,Ina,1,
19918688,Carola,1,237.0
19927509,Michel,1,280.0
19940450,Goshi,1,173.0
19943613,Floris,1,
19947214,Roeland,1,434.0
19965139,Florine,1,
19969271,Tom,1,
19969945,Don,1,
19979247,Richard,1,
20008480,George,1,
20021396,Marc,1,
20052140,Amir,1,97.0
20052944,Iuliia,1,184.0
20056287,Mumu,1,400.0
20062437,Yuliya,1,
20093613,Michiel,1,
20123845,Janna,1,130.0
20137661,Olaf,1,275.0
20149410,Vincenzo,1,102.0
20152982,Mike,1,
20157581,Rob,1,333.0
20163603,Sara,1,
20204265,Bartholomeus Otgerus Maria,1,465.0
20223751,Marinus,1,320.0
20225133,Lisa,1,
20227715,Eva,1,293.0
20250791,Suzanne,1,180.0
20251104,Fotios,1,104.0
20251953,Chloe,1,151.0
20254262,Peet,1,495.0
20266514,Andres,1,172.0
20269630,Marisca,1,422.0
20270437,Elise,1,
20271839,Lizette,1,383.0
20281559,Joris,1,452.0
20294905,Joelle,1,
20308502,Bas,1,180.0
20317898,Freekje,1,
20322000,Steven,1,
20336096,Sean,1,
20346919,Christopher,1,270.0
20358179,Reinout,2,156.0
20362105,Rosanne,1,
20364017,Sacha,1,
20372624,Fleur,1,
20384529,Koen,1,
20389469,Emma,1,
20390133,Matthijs,1,186.0
20392221,Erwin,1,206.0
20399740,Joran,1,248.0
20433630,Romana,1,
20436804,Mariko,1,
20459707,Laura,1,
20465009,Alette,1,86.0
20483634,Debby & Frits,1,
20511749,Miriam Barbera,1,114.0
20544193,Laura,3,349.33
20559031,Koen,1,
20578287,Marijana,1,225.0
20593864,Bas,1,
20604253,Gijs,1,370.0
20644650,Richard,1,
20649941,Michiel,1,
20660085,Sven,1,175.0
20660883,Nancy,1,
20664546,Maureen,1,
20674903,Elles,1,196.0
20677143,Pieter,1,531.0
20714023,Thorsten,1,
20719967,Ethan,1,254.0
20722394,Irene,1,
20725637,Else,1,
20752981,Rosa,1,162.0
20767771,Fidel,1,
20768757,Ehab,1,140.0
20779008,Yara,2,300.0
20791600,Isabel,1,
20814084,Mieke,1,227.0
20819302,Justa,1,239.0
20838536,Chris,1,
20838942,Mickael,1,
20850737,Joost,1,
20854887,Laureen Lee,1,175.0
20861789,Remco,1,240.0
20870683,Mauro,1,300.0
20874509,Victor,1,405.0
20889667,Jerome,1,
20894871,Nilüfer,1,335.0
20897589,Moniek,1,
20919943,Ellen,1,87.0
20921327,Herman,1,270.0
20924288,Nanda,1,180.0
20963127,Lauren,1,220.0
20965087,Erwin,1,285.0
21004084,Felix,1,139.0
21010247,Arjan,1,234.0
21035610,Matthijs,1,
21035710,Tom,1,
21047883,Nikolet Willemien,1,185.0
21050848,Ana Maria,1,194.0
21055819,Tom,1,
21061697,Stephanie,1,
21077937,Hanneke,1,207.0
21080517,Anne-Marie,1,
21081740,Steven,1,
21095754,Joost,1,
21096202,Merel,1,297.0
21124767,Judith,1,
21150083,Joseph,1,
21167927,Kai,1,
21168948,Dijana,1,
21169346,Ruud,1,
21179415,Willian,1,371.0
21185669,Saira,1,
21204132,Dmitry,1,166.0
21205445,Joep,1,158.0
21229674,Anna,1,186.0
21232464,Simon,1,
21252119,Mary Ann,1,137.0
21257548,Sophie,1,
21273834,Peter,1,
21292422,Pim,1,
21316248,Arnaud,1,806.0
21344094,Nard,1,210.0
21348575,Elisabeth,1,
21351452,Jacqueline,1,270.0
21358136,Victor,1,
21367790,Jeroen,1,
21371721,Sander,1,435.0
21389950,Leo,2,189.5
21402888,Mickey,1,
21405715,Sigrid,1,
21409878,Sandeep,1,270.0
21415411,Fleur,1,164.0
21416343,Mira,1,147.0
21436148,Paula,1,
21437323,Miroslav,1,457.0
21452346,Joao,1,306.0
21453001,Robbert,1,
21456427,Sarah,1,
21458358,Caroline,1,
21468202,Sanne,1,255.0
21488545,Enith,1,92.0
21516047,Marloes,1,
21533878,Angelo,1,177.0
21568130,Mariken,1,
21572827,Henriëtte Maria Theresia,2,99.0
21581535,Wouter,1,
21634079,Afke,1,347.0
21673133,Nina,1,200.0
21681343,Raffaele,2,
21686664,Giampaolo Antonio,4,266.33
21689300,Erik,1,151.0
21694318,Stephanie,1,
21710440,Shalev,1,
21715762,Carel,1,
21719758,Didier,1,131.0
21725610,Hadewych,1,315.0
21748409,Jonas,1,
21759074,Elise,1,
21781905,Dina K.,1,
21815829,Ferry & Annette,1,116.0
21829010,Steven,1,
21829289,Amit,1,600.0
21845977,Debby,2,120.5
21846733,Claus,1,
21849097,Coen,1,
21859584,Sabrina,1,258.0
21861567,Lennert,1,272.0
21863140,Denise,1,750.0
21866990,Berith,1,77.0
21873682,Ingrid,1,300.0
21874963,Maarten,1,
21883308,Nabila,1,92.0
21887263,Josef,1,
21887937,Iris,1,230.0
21903379,Bonny,1,
21911394,Daan,1,
21916979,Saskia,1,222.0
21923467,Ricardo,1,393.0
21925898,Chris,1,216.0
21973786,Ties,1,
21997322,Joost,1,
22009282,Felix,1,576.0
22017809,Willemijn,1,
22030823,ChiaHsuan,1,135.0
22032032,Charlotte,1,185.0
22033000,Therese,1,
22035131,Inge,1,189.0
22043475,Stephanie,1,
22047244,Gerard,1,189.0
22061260,Isabel,1,
22071836,Andrea,1,105.0
22075247,Saskia,1,148.0
22082242,Hayco & Léonie,2,
22108283,Robin,1,
22122492,Sem,1,292.0
22157201,Onno,1,225.0
22159410,Anja,2,102.0
22160672,David,1,140.0
22161843,Eelke,1,
22204012,Sofia,1,
22205373,Eline,1,147.0
22212139,Manon,1,108.0
22224685,Roos,1,300.0
22231426,Anna,1,
22233513,Jeroen,1,81.0
22238624,Colby,1,357.0
22239031,Tom,1,146.0
22272931,Marguerite,1,144.0
22295952,Jeffrey,1,225.0
22301503,Wouter,1,
22330106,Moos,1,239.0
22337183,Nynke,1,
22369811,Philippe,1,171.0
22389846,Zdenka,1,111.0
22393002,Charlotte,1,
22398111,Maarten,1,
22400610,Seger,1,
22407336,Marko,1,
22411730,Andrea,1,
22425158,Erik,1,120.0
22427442,Catharina,1,
22430852,Tanja,1,
22444015,Sten,1,337.0
22445747,Lotje,1,200.0
22451734,Anke,1,
22473934,Helene,1,200.0
22479558,Robert,1,
22481192,Annemieke,1,238.0
22490099,Viv,1,
22495037,Charlotte,1,600.0
22530639,Joost,1,
22534485,Hamilton,1,87.0
22535919,Joren,1,
22537997,Ferdau,2,172.5
22560366,Gussie,1,
22569291,C.,1,
22578462,Judith,1,
22594722,Maria,1,90.0
22605509,Sander,1,290.0
22607561,Daphne,2,
22612369,Daan,1,372.0
22639682,Jess,1,
22662754,Lucie,1,
22673046,Seif,1,
22688169,Friso,1,358.0
22701985,Lois,1,
22705731,Shira,1,
22707406,Joost,1,
22709022,Simon,1,
22717975,Jurriën,1,179.0
22721569,Gijs,1,
22723262,Natasja,1,
22727877,Mert,1,425.0
22732018,Katy,1,
22747639,Thomas,1,284.0
22748177,Guillaume,1,
22750552,Karlijn,1,
22759295,Emilie,1,243.0
22761373,Marloes,1,191.0
22762427,Marit,1,
22787522,Eric,1,161.0
22789687,Önder,1,
22792261,Aida,1,
22793632,Demi,1,380.0
22794575,Sabine,1,227.0
22794660,Carlijn,1,
22836005,Nina,1,
22836724,Liesbeth,1,210.0
22837110,Paul,1,262.0
22847584,Clemens,1,
22851584,Nicky,1,
22858025,Lieve,1,
22860136,Polly,1,
22882611,Thom,1,
22887899,Grietje,1,600.0
22915689,Jan,1,
22923931,Wouter,1,
22928595,Inna,1,
22931049,Chris,1,
22958007,Corine & Eelke,1,
22980214,Safa,1,
23002480,Johan,1,
23018974,Dick,1,
23030993,Tim,1,
23038314,Katrien,1,
23060282,Jesse,2,120.5
23096184,Charlotte,1,267.0
23103780,Eva,1,
23111861,Floris,1,
23136163,Michael,1,950.0
23148875,Lieke,1,
23152569,Karlijn,2,295.0
23158253,Aron,1,
23179135,Bart & Manon,1,156.0
23183046,Thijs,1,241.0
23207308,Tamara,1,
23209088,Neddo,1,
23209926,Reinoud,1,433.0
23210013,Mares,1,405.0
23224981,Marieke,1,183.0
23242776,Tim,1,
23256355,Sixtine,1,261.0
23256803,Ashwanth,1,
23264176,Pim,1,
23284775,Imke,1,
23285500,Imber,1,255.0
23286921,Mireille & Daan,1,326.0
23296415,Maud,1,
23304481,Marjory,1,284.0
23324912,Alice,1,250.0
23326158,Niels,1,
23330493,Maud,1,
23367505,Nienke,1,
23378315,Chris,1,450.0
23391740,Kaylee,1,
23419149,Petra En Rik,1,
23424221,Maxime,1,
23449231,Elton,1,
23453990,Maximilianus Julien Antonius Johannes,1,281.0
23454250,Erik,1,222.0
23479527,Renee,1,269.0
23484047,Ellis,1,162.0
23486063,Henricus Johannes Vincentius,1,
23553483,Nina,1,
23556233,Femke,1,
23563568,Leonie,1,
23575971,Mark,1,
23588189,Brent En Esther,1,
23593514,Alexander,1,125.0
23597826,Antoine,1,323.0
23601507,Merel,1,1600.0
23609488,Patricia,2,179.0
23610155,Marije,1,238.0
23658577,Alexandra,1,
23661873,Orsolya,1,228.0
23667032,Sandra,2,795.0
23673458,Luiza,1,162.0
23696810,Marijke,1,
23697390,Lotte,1,350.0
23697978,Ottavio,1,
23698448,Ellen,1,225.0
23702951,Claire,2,160.0
23704127,Brigitte,1,
23725517,Rein,1,620.0
23731358,Sander,1,299.0
23735614,Jordan,1,180.0
23738054,Esther,1,194.0
23748264,Thuraya,1,70.0
23766378,Belle,1,
23768715,Sil,1,225.0
23802419,Klaartje,1,99.0
23803762,Guinevere,1,
23815906,Eleonora,1,344.0
23817576,Leandro,1,266.0
23824257,Vacation Rental,1,400.0
23839335,Meret,1,
23845610,Pieke,1,281.0
23855459,Aron,1,
23885056,Alexander And Erik,1,133.0
23886273,Marielle,2,151.0
23886398,Thijn,1,198.0
23909058,Tim,1,202.0
23917371,Roman,1,
23923878,Joost,1,
23926573,Renier Maria,1,
23928189,Bram,2,90.5
23928874,Lieke,1,181.0
23932215,Sabine,1,261.0
23932449,Elise,1,
23958791,Paula,1,309.0
23997411,Vincent,1,
24002310,Thomas,6,125.0
24024447,Mark E H,1,
24027853,Jelle,1,360.0
24039724,Merthijn,1,
24045657,Yvy,1,117.0
24063272,Jan David,1,
24074823,Lucas,1,480.0
24083032,Trudy,1,225.0
24084191,Ollie,1,
24097340,Philippe,1,639.0
24103592,Taylor,1,
24138541,Maran,1,232.0
24181982,Eduard,1,
24183419,Lise,1,
24188670,Gerrit Johannes,1,
24195803,Nick,1,
24251576,Cecile,1,191.0
24255814,Annika,1,405.0
24279237,Adriana Afra Maria,1,497.0
24285879,Mélanie,1,211.0
24289400,Ilias,1,187.0
24321936,Jacco,1,
24325696,Arild,5,331.8
24328342,Nathalie,1,
24335615,Aafje,1,442.0
24345399,Madeleine,1,
24350341,Harold,1,169.0
24356586,Ente,1,
24358999,Olaf,1,193.0
24393221,Michiel,1,
24394851,Andrey,1,130.0
24412709,Maaike,1,
24414973,Chiara & Family,1,
24438752,Belle,1,
24440127,Caspar,1,678.0
24449945,Tom,1,
24458994,Tom,1,
24471465,David,1,
24476547,Alina,1,
24483639,Rubie,1,171.0
24483809,Elif,1,810.0
24519090,Matthijs,1,225.0
24543368,Eize,1,450.0
24566754,Alexia,1,
24569854,"Maarten, Linde, Melle En Ilja",1,
24570276,Tisse,1,271.0
24574690,Fenna,1,500.0
24585171,Floor,1,270.0
24609966,Kasia,1,262.0
24611719,Julie,1,300.0
24627613,Sybren,1,284.0
24627721,Mart,1,144.0
24654584,Pékos,1,182.0
24661860,Daniel,1,207.0
24666452,Maria Anna Gerrigje,1,194.0
24667680,Li-Yang,1,
24674176,Caroline,1,169.0
24675374,Xinran,1,72.0
24686723,Koen,1,212.0
24694970,Lizette Caroline,1,240.0
24700402,Barbara,1,142.0
24705682,Joeke,1,
24725005,Charlotte,1,239.0
24728726,Gijs,1,145.0
24759842,Sylvia,1,
24800445,Museum Quarter,1,155.0
24814388,Vincent,1,
24816465,Francine,1,200.0
24818597,Vera,1,212.0
24836583,Oscar,1,380.0
24851510,Ardi,1,
24856895,Martijn,1,234.0
24858944,Laura,1,
24865141,Alexander & Suzanne,1,
24888825,Dene,1,163.0
24903540,Ambra & Tarik,1,94.0
24923643,Rolien,1,315.0
24935999,Harry,1,
24936811,Anna,1,
24938319,Agnes,1,303.0
24938440,Amber,1,198.0
24940666,Leon,2,383.0
24941323,Jenthe,1,153.0
24941690,Diddo,1,
24956830,Mayank,1,
24963753,Yigal,2,213.0
24972965,Jacob Jurren,1,
24973076,Herman,1,
24979780,Emily,2,218.0
24998514,Dan,1,226.0
24998526,Simeon,1,
25022385,Sjoerd,1,180.0
25045762,Vinay,2,
25065780,Lucie,1,280.0
25069604,Francois,2,63.5
25109710,Jan Willem,1,
25111666,Jeff,1,250.0
25123662,Robin,1,
25127376,Nathalie,1,145.0
25129078,Dorine,1,150.0
25160181,Michelle,1,
25182441,Morningstar,1,473.0
25182723,Jaimy,1,
25220162,Natalia,1,
25255796,Gusta,1,
25264349,Christina,1,164.0
25271066,Edith,1,122.0
25281797,Jess,1,1372.0
25337134,Alexander,1,169.0
25359885,Thijs,1,
25381221,Jip,1,
25383884,Nina,1,150.0
25392843,Eelko,1,314.0
25393587,Caterina,1,180.0
25420294,Laura,1,
25422214,John,2,167.0
25445957,Keishey,1,185.0
25457220,Christine,2,158.0
25483809,Simone,1,136.0
25486069,Guido,1,171.0
25503705,Jan,1,
25505384,Wim,1,
25508942,Jeroen,1,
25539692,Simone,1,180.0
25541259,Marjolijn,1,
25548006,Sophie,1,
25589963,Carien,1,
25601783,Jelte,1,243.0
25611734,Lisette,1,
25630429,Stacey,1,
25650770,Hugo,1,
25657432,David,1,376.0
25671806,Maarten,1,
25677161,Ewout,1,336.0
25682253,Catharina,1,354.0
25727239,Valesca,1,
25734380,Lotte,1,270.0
25734707,Johan,1,218.0
25735043,Esther,1,
25738050,Jacoba,1,720.0
25751885,Maurits,1,
25753369,Goda,1,
25779949,Thijs,1,450.0
25780771,Sander,1,
25793270,Charmaine,1,
25795617,Simon,1,
25808351,Naomi,1,
25832900,Peike,1,371.0
25876725,William,1,
25888114,Renee,1,329.0
25946860,Ea,1,420.0
25982521,Camille,1,259.0
25984526,Tess,1,
25991920,Isa,1,160.0
25996956,Mofadja,1,179.0
26011434,Linda,1,452.0
26022330,Tim,1,300.0
26045647,Alexander,1,386.0
26060449,Nina,1,437.0
26073303,Sanneke,1,495.0
26109791,Reinier,1,
26111014,Jérémie,1,
26144331,Nelleke,1,
26146792,Thibaud,1,
26156206,Sarah,2,
26174924,Amaya,1,
26219130,Evyatar,1,405.0
26237619,Marlynke,1,176.0
26248536,Tessel,1,186.0
26253826,Danielle,1,
26261705,Annette,1,
26271948,Bojoura,1,277.0
26285166,Jorrit,1,254.0
26294656,Peter En Katja,1,115.0
26295647,Lettie,1,198.0
26302846,Cyril,1,
26313050,Ashley,1,
26315211,Renee,1,203.0
26352191,Anna,1,135.0
26353621,Lieuwkje,1,
26362022,Michael,1,
26371070,Marleen,1,200.0
26376151,Matthijs,1,
26379175,Victor,1,
26401097,Cees,1,
26401475,Art,1,176.0
26404559,Erik,1,
26408643,Milena,1,500.0
26431993,Mijke,1,249.0
26452389,Vera,1,162.0
26457043,Aimée,1,379.0
26470949,Lobke,2,179.0
26478960,Ozzy,1,71.0
26519116,Floor,1,283.0
26543988,Nicholas Mark,1,
26544516,Mick,1,
26588608,Crissy,1,162.0
26611745,Anna Margreta Paula,1,180.0
26619532,R,1,230.0
26621216,Tess,1,
26639899,Edo,1,
26642818,Cem,1,
26688955,Willem,1,340.0
26713489,Silas,1,
26726824,Jara,1,
26738378,Enith,1,364.0
26757631,Sophie,1,400.0
26777193,Jonas,1,331.0
26785397,Daan,1,
26795408,Tom,1,
26843240,Maarten,3,
26851834,Laurens,1,
26865959,Kim,1,
26907708,Michelle,1,110.0
26987726,Zita,1,
27027333,Vivian,1,
27029058,Karen,1,
27058706,Dominique,1,
27083129,Anke,1,270.0
27099986,Rosa,1,250.0
27116546,Loes,1,
27205400,Thanh,1,218.0
27208555,Nicky,1,196.0
27214105,Michael,1,261.0
27272285,Elvita,1,
27278204,Birgitte,1,
27296797,Matthew,1,208.0
27318917,Yulia,1,172.0
27323708,Birre,2,
27356890,Pieter,1,
27360660,Raphaelle,1,
27412083,Nelly,1,255.0
27464916,Lotte,1,209.0
27484922,Iago,1,200.0
27489189,Jochem,1,
27498391,Rachael,1,279.0
27524931,Ingrid,1,146.0
27526842,Kevin,1,405.0
27529241,Maartje,1,
27530076,Daan F.,1,
27534987,Julian,1,
27536755,Rob,1,
27574669,Natascha,1,
27600854,Fleur,1,248.0
27627337,Daniel,1,
27638169,Lotte,1,476.0
27644639,Mike,1,
27683420,Jip,1,
27690840,Joost,1,
27725065,Koen & Regine,1,
27726069,Markus,1,145.0
27749179,Kitty,1,
27768422,Anna,1,295.0
27770592,Tim,1,275.0
27776233,Raoul,1,
27778382,Heijme,1,
27796396,Regine,1,
27804974,Jeroen,1,
27830091,Regine,1,224.0
27834929,Merel,1,
27837566,Juliette,1,
27887036,Ivy,1,
27929731,Ronne,1,
27940217,Renate,1,
27948402,Suzanne,1,100.0
27951211,Eelke & Erwin,1,
27980215,Michelle,1,225.0
27992497,Chloe,1,213.0
28003239,Bibi,1,
28004224,Elize,1,215.0
28006692,Vincent,1,
28011109,Dingeman,2,
28011619,Maaike,1,225.0
28032107,Luuk,1,
28033129,Anke,1,226.0
28040463,Gustaaf Cornelis Louis,1,132.0
28043391,Mees,1,194.0
28052937,Nicolien,1,
28056378,Johanna,1,267.0
28076933,Luba,1,
28098183,Davide,1,
28102740,Elmar,1,180.0
28139784,Laura,1,428.0
28148343,Georgia,1,240.0
28150165,Lisa,1,127.0
28154037,Annette,1,
28208236,Louise,1,
28237097,Caroline,1,631.0
28237236,Willem,1,
28239250,Marjolijn,1,
28242643,Marit,1,
28270859,Jules,1,300.0
28286241,Femke,1,300.0
28289832,Moja,1,368.0
28302167,Anne,1,
28307239,Barbara,1,
28322092,Jillian,1,
28327861,Thom,1,247.0
28339736,Jorn,1,261.0
28390038,Joggie,1,
28393476,Wibout,1,
28437729,Stefan,1,
28441200,Amber,1,
28471440,Olivia,1,
28500782,Christine,1,
28541859,Julia,1,217.0
28561678,David,1,114.0
28584016,Denis,1,
28600240,Barbara,1,151.0
28614173,Anna Johanna Helena,1,
28626100,Betty,1,
28633973,Wies,1,
28640244,Dick,1,
28640347,Marc & Ellen,1,107.0
28654320,Marcos,1,299.0
28695043,Margot,1,283.0
28696403,Mickey,1,258.0
28704382,Megan,1,258.0
28718234,Ivan,1,
28739718,Berend,1,568.0
28742742,Sophie,1,
28744320,Godard,1,
28757347,Tom & Noor,1,
28761407,Maritska,1,
28790508,Maarten,1,
28827556,Jeroen,1,168.0
28862715,Izhar,1,
28901413,Lisa,1,
28905402,Verena,1,168.0
28911014,Dide,1,
28916833,Jingyi,1,
28983251,Dorien,1,
29026121,Sander,1,
29029788,Robbert-Jan,1,371.0
29036896,Hanna,1,300.0
29053584,Karin,1,180.0
29082613,Wilfred,1,
29116854,Mimi,1,269.0
29143804,Diederik,1,208.0
29145151,Chiara,1,
29146838,Patricia,1,162.0
29159692,Olivier,1,266.0
29171244,Julius,1,
29172573,Daria,1,244.0
29188675,Justine,1,
29209601,Laurens,1,
29209821,Josien,1,
29218823,Mark,1,
29268751,Anneke,2,
29279439,Maren,1,164.0
29284104,Maria Cornelia,1,376.0
29285323,Daphne,1,
29307510,Sanne,1,
29329336,Ramon,1,
29340861,David,1,
29360280,Menno,1,293.0
29360908,Jenna,1,158.0
29377730,Tamira,1,650.0
29396939,Anne Wil,1,
29403408,Fullmoon Garden Suite,1,192.0
29433335,Gidon,1,
29436200,Dorothy,1,309.0
29466594,Merel,1,
29492354,Sake,1,213.0
29510759,Corneline,1,194.0
29558876,Lou,1,
29559747,Martin,1,670.0
29591818,Frans,2,86.5
29611976,Bas,1,
29621503,Joanna,1,212.0
29621807,Maurice,1,450.0
29645081,Nina,1,
29647728,Nancy,1,158.0
29650604,Emy,1,74.0
29651612,Bart,1,175.0
29652940,Kim,1,
29656363,Samuel,1,145.0
29668117,Joo-Yon,1,1625.0
29669948,Malou,1,212.0
29675970,O'Brian,1,172.0
29690612,Nicolas,1,
29722627,Sanne,1,350.0
29750186,Ash,1,
29757436,Marion,1,
29780607,Mark,1,
29785989,Marie,1,162.0
29787783,Lydia,1,
29816534,Marina,1,
29820235,Janna,1,
29844075,Sander,1,
29846565,Josephine,1,257.0
29863828,Mathilde F J M,1,
29864436,Tara,1,190.0
29866656,Hubertus,1,480.0
29891866,Gideon,1,218.0
29934639,Femme Jasmijn,1,281.0
29944350,Serge Alexander,1,
29945731,Rixt,1,
29950130,Jurney,2,172.5
29986773,Luca,1,
29987689,Eleonora,1,206.0
29990101,Nicole,1,255.0
30028837,Jonkheer Roderick,1,
30088469,Barbara,1,202.0
30093041,Monika,1,153.0
30106847,Renée,1,237.0
30120442,Thijmen,1,
30139287,Mette,1,
30154771,Robert Jan,1,271.0
30187162,Teddie,1,270.0
30187607,Khalid,1,
30189531,Anne,1,280.0
30191568,Frances,1,
30194960,Anna,1,272.0
30201828,Markus,1,287.0
30203349,Heleen,1,225.0
30258144,Akkeroos,1,300.0
30292036,Nitin,1,277.0
30307172,Robert & Alla,1,
30332298,Kjell Jesper,1,1595.0
30362238,Daphne,1,
30398313,Nadine,1,
30413410,Merel Marie-Jolie,1,378.0
30415853,Elena Amalie,1,297.0
30429215,Linda,1,204.0
30449564,Diego & Sophie,1,
30457837,David,1,
30494585,Aalje,1,124.0
30513115,Rob,1,
30516685,Nynke,1,
30557511,Bart,1,
30604903,Ingmar,1,
30625949,Viathou,1,
30691347,Marc,1,172.0
30700555,Sam,1,392.0
30727709,George,1,421.0
30752079,Coen,1,
30787331,Victor,1,
30789047,Kelly,1,
30809711,Yannick,1,285.0
30813785,Brian,1,207.0
30825863,Laurens,1,
30827622,Pim & Juan,1,88.0
30836576,Maika,1,365.0
30862300,Julian,1,270.0
30890942,Zoku Amsterdam,7,277.4
30931060,Michiel,1,
30939499,Angel,1,
30946768,Tessa & Romain,1,81.0
30958054,Emma,1,375.0
31031995,Reinoud,1,385.0
31032024,Charlotte,1,150.0
31037621,Mariëlle,1,
31066772,Betsy,1,200.0
31076562,Floor,1,
31086533,Hester,1,159.0
31093577,Martine,3,147.5
31129553,Daniël,1,
31133140,Sophie,1,195.0
31146232,Ad,1,
31190550,Anmarie,1,179.0
31202094,Jasper,1,176.0
31206472,Ali,1,
31216048,Marijke,1,
31250271,Catharine,1,
31272688,Charlotte,1,158.0
31275614,Sanja & Adrijan,1,
31280006,Linda,1,
31288018,Judith,1,324.0
31297421,Rogier,1,322.0
31332203,Michiel,1,
31365652,Lea,1,72.0
31382392,Marrigje,1,72.0
31386856,Sebastiaan,1,216.0
31418259,Angelique,1,218.0
31470786,Thorn,1,172.0
31501327,Laurence,1,
31530151,William,1,294.0
31533672,Renee,1,
31539718,Amber,1,360.0
31586636,Daily,2,112.0
31632623,Victor,1,
31632922,Tommi,1,
31641559,Floris,1,
31642204,Premium Selection,1,
31681093,Jerom,1,144.0
31702040,Mati,1,139.0
31704687,Zinzi,1,212.0
31710492,Floris-Bengt,1,196.0
31723933,Michael,1,301.0
31805226,Marc,1,
31809246,Emma,1,
31817443,Gina,2,75.0
31829166,Lieke,1,
31834844,Femke,1,
31841864,Gijs,1,
31855555,Daphne,2,180.5
31864995,Yvonne,2,129.5
31870507,Fern,1,400.0
31902708,Cassandra,1,332.0
31921555,Carlijn,1,
31951648,Tijmen,1,
31953948,Jorrit,1,588.0
31963683,Martine,1,
32016994,Jesús,1,
32108355,Carlijn,1,
32112180,Rosa,1,195.0
32116304,Eva,1,270.0
32120198,Yvon,1,228.0
32134447,Alexander,1,
32140635,Bas,1,
32195443,Lior,1,390.0
32208467,Lex,1,
32210460,Marjan,1,223.0
32216562,Simone,1,
32218529,Jelle,1,383.0
32242249,Anne,1,176.0
32244075,Caroline Madelijn,1,225.0
32247046,Anna Sophie,1,180.0
32255539,Elsemieke,1,
32267354,Joris Franciscus Berend,1,
32282932,Marieke,1,
32283166,Eva,1,351.0
32289278,Wouter,1,
32314762,Roland,1,287.0
32328970,Louis,1,322.0
32335453,Kirsten,1,
32399510,Sabine,1,150.0
32400196,Femke,1,191.0
32401932,Pleunie,1,300.0
32420023,Yulya,2,335.0
32426302,Daniel,1,
32439407,Joep,1,209.0
32441993,Peter,1,177.0
32442604,Lisa,1,152.0
32477532,Alice,1,351.0
32497211,Fleur,1,200.0
32504670,Alexandra,1,203.0
32507282,Liesje,1,
32517189,Lode,1,226.0
32520230,Vanessa,1,350.0
32521113,Jurgen,1,178.0
32522134,Stefan,1,
32573888,Mariska,1,
32615883,Janaina,1,208.0
32644677,Joni,1,141.0
32655973,Noor,1,
32659450,Mieke,2,141.5
32681549,Sabine,1,
32684489,Robin,1,
32690065,Steven,1,216.0
32690698,Roland,1,401.0
32692080,Julia,1,
32698432,Helen,1,
32706733,Andrew,1,174.0
32751907,Bar,1,208.0
32759404,Robert,1,267.0
32824986,Jasper,1,
32853388,Diederick,1,
32881195,Daniella Tatiana,1,
32889423,Noor,1,190.0
32892433,Esther,1,
32926933,Lisa,1,
32950523,Pushkin,1,385.0
32972452,Angela,2,337.0
32980375,Anne-Wies,1,125.0
32988526,Tessa,1,261.0
33016739,Jan Hein,1,
33019459,David,1,373.0
33029941,Vera,1,
33037959,Mark,1,
33051833,Lovisa,1,
33089398,Laura,1,
33089464,Stan,5,134.25
33099956,Duco,1,333.0
33116110,Jacqueline,1,
33132277,Magnus,1,147.0
33143316,Adriana,1,
33170840,Linda,1,174.0
33183100,Rishi,1,130.0
33209869,Alexandra,1,524.0
33214578,Paul,1,92.0
33217887,Emiel,1,225.0
33219180,Nuraan,1,165.0
33239471,Emma,1,
33255983,Triinu,1,
33262945,Bata,1,
33271212,Anouk,1,301.0
33291339,Lonneke,1,160.0
33296083,Jorgen,1,
33345384,Sophie,1,
33346979,Monique,1,325.0
33351900,Thi Vân,1,134.0
33363973,Jochem,1,227.0
33378204,Michiel,1,
33381838,Albertine,2,114.5
33416250,Hanneke,1,
33458391,Koen,1,213.0
33497309,Reiniera Medarde Andrea Meraud,1,174.0
33557117,Paul,1,350.0
33567078,Robin,1,250.0
33592230,Loïs,1,
33630710,Marion,1,
33639616,Luca,1,186.0
33662498,Irina,1,
33663003,Jurjen,1,
33719020,Anne,1,
33727178,Cecile,1,162.0
33735839,Thomas,1,115.0
33744170,Boen,1,
33753468,Matthijs,1,
33755800,Thomas,1,248.0
33755999,Martin,1,327.0
33759102,Ed,1,
33765320,Thibault,1,315.0
33771340,Mirko,1,
33797621,Liane,1,
33806044,Rob,1,
33820868,Dirk,1,153.0
33828868,Lidra,1,
33883135,Zohra,1,
33890419,Johan,1,175.0
33904882,Dom,1,
33918094,Laura Isabel,1,
33936898,Ruben,1,150.0
33967782,Sonya,1,
33969932,Loretta,1,600.0
33970267,Jasper,1,
33979341,Barbara,1,
34029053,Luke,1,650.0
34048596,Annemarie & Patrick,1,
34056919,Madelief,1,231.0
34057588,Jesper,1,267.0
34088029,Aline,1,
34090403,Max,1,
34119530,Bas & Saskia,1,
34127173,Anouk,1,187.0
34133140,Dafne,1,250.0
34157131,Marlijn,1,
34167659,Anjali,1,
34167670,Mildred,1,
34184891,Floris,1,650.0
34184922,Justus,1,789.0
34202519,Katinka,2,296.0
34218538,Tom,1,
34272989,Noud,1,
34287621,Sven,1,132.0
34324167,Dave,1,
34330083,Daniella,1,226.0
34334401,Mies,1,
34336976,Emil,1,80.0
34339611,Federica,1,600.0
34339644,Marceline,1,139.0
34339797,Roma,1,
34340053,Noor,1,
34349002,Erik,1,60.0
34358512,Nadine,1,250.0
34386333,Jacobien,1,
34397765,Gabrielle,1,159.0
34411341,Marloes,1,506.0
34417501,Sebastiaan,1,
34439760,Moo,1,
34457257,Laurens,1,
34457281,Yasmine,1,188.0
34498455,Michelle,1,
34502298,Mariette,1,385.0
34505419,Sari,1,
34516326,Julia,2,
34519032,Jobien,1,
34533378,Jochemke Elisabeth Johanna,1,
34535387,Frederick,1,
34561008,Willem,3,
34568925,Noortje,1,
34581928,Georno,1,129.0
34586472,Yuma,1,261.0
34597903,Remke,1,218.0
34599830,Nadine,1,
34630004,Hanne,1,287.0
34633165,Jeroen,1,234.0
34634563,Lisa,1,250.0
34637595,Daan,1,
34651297,Peter-Paul,1,393.0
34662895,Michael,1,310.0
34670170,Jeroen,1,
34680505,Natalia,1,257.0
34707071,Norbert,1,204.0
34711799,Mischa,1,275.0
34742235,Katerina,1,401.0
34752867,Eefje,1,
34756737,Daniel & Danielle,1,
34773624,Julie,1,263.0
34795539,Boudewijn,1,294.0
34821312,Mace,1,350.0
34846770,Mirte,1,
34846985,Lisa,1,
34886244,Eemke,1,
34888380,Cato,1,211.0
34897177,Thomas,1,247.0
34903608,Tessa,1,388.0
34905816,Mexime,1,207.0
34927913,Britt,1,220.0
34928474,Jim,1,
34992358,Cristian,1,
35003425,Sandra,1,148.0
35020955,Natalia,1,179.0
35022522,Bas,1,
35058172,Emily,1,152.0
35061737,Christiaan,1,
35087642,Karijn,1,
35088692,Eline,1,
35092820,Felicia,1,312.0
35094092,Isa,1,
35098943,Bart,1,
35146234,Marlies,1,
35163602,Dave,1,158.0
35172708,Emma,1,326.0
35221716,Wolfgang,1,
35231070,Margot,1,
35262430,Nikki,1,521.0
35285653,Milen,1,
35306712,Sebastian,2,141.0
35316035,Swaan,1,
35316392,Janine En Bob,1,
35362037,Maud,1,
35385981,Joachim,1,
35394491,Bob,1,450.0
35394837,Matthijs,1,299.0
35411832,Simon,1,357.0
35417805,Arjen,1,369.0
35446894,Fauve,1,206.0
35448982,Pooria,1,207.0
35449652,Henk B.,1,
35450002,Kim,1,
35481000,Hugo,1,164.0
35488955,Joekenel,1,
35500757,Nick,1,
35502453,Conor,1,238.0
35519087,Mafe,1,342.0
35526191,Jony,1,
35529657,Marie,1,
35544915,Tjeerd,1,364.0
35545679,Jasper And Melinda,1,
35572487,Menno,1,
35609310,Rahel,1,
35632969,Daniel,1,196.0
35681088,Celine,1,493.0
35688010,Jeroen & Olga,1,
35696891,Rosalie,1,
35704934,Hans,1,161.0
35712611,Manus,1,174.0
35723777,Tom,1,
35726476,Coen,1,234.0
35748430,Tomas,1,843.0
35762833,Marian,1,133.0
35769416,Rutger,1,180.0
35774831,Florentine,1,
35777428,Nicolas,1,
35780464,Herman,1,
35784417,Siz,1,
35789117,Michelle,1,224.0
35863503,Stefan,1,334.0
35864254,Suzanne,1,
35881299,Karin,1,198.0
35889746,Marieke,1,128.0
35893104,Ralph Jan Willem,1,250.0
35895518,Rosalie,1,
35937668,Kirsten,1,
35942373,Sabrina And Redmar,1,
35956454,Stijn,1,243.0
35965579,Femke,1,
36048222,Kinga,1,190.0
36053915,Jacinta,1,
36055544,Marjolein,1,260.0
36057610,Agata,1,
36070903,Ryan,1,
36073241,Shuchen,1,179.0
36143193,Luis,1,221.0
36151239,Cecile,1,600.0
36152849,Jannet,1,
36182239,Juliet,1,354.0
36186588,Donald,1,146.0
36197565,Aleksandra,1,240.0
36222371,Joris,1,180.0
36227627,Cesare,1,218.0
36232679,Ewout,2,
36256162,Kirsty,1,
36264507,Angie,1,
36272714,Frank,1,122.0
36275648,Timo,1,
36291709,Joep,1,434.0
36331902,Maurits,1,
36334962,Susan,1,
36342810,Bob,1,500.0
36366177,Koen,1,135.0
36374084,Maurice,1,
36410035,Julia,1,
36410570,Joppe,1,272.0
36454604,Shanice,1,117.0
36457784,Lucas Michiel,1,72.0
36464001,Alies,1,155.0
36466469,Marc,1,
36499839,Eva,1,225.0
36502446,Jaap Peter,1,172.0
36507330,Thijs,1,403.0
36515726,Niek,1,229.0
36516363,Debby,1,225.0
36520459,Michiel,1,
36546419,Jeroen,1,
36553452,Anna,1,160.0
36605736,Bart,1,300.0
36610500,Leon,1,
36621203,Ralph,1,
36642886,Djala,1,
36651292,Arjan,1,295.0
36653754,Philip,1,
36667135,Bas,1,357.0
36676764,Mike,1,170.0
36689829,Sebas,1,
36713272,Melanie,1,
36727004,Andreas,1,185.0
36766171,Yannick,1,
36769483,Nienke,1,268.0
36786856,Joshua,1,
36793639,Oli,1,179.0
36811230,Liseanne,1,288.0
36815555,Damla,1,401.0
36816487,Mees,1,595.0
36852817,Amélie & Warren,1,180.0
36853514,Puck,1,
36868182,Bas,2,
36883654,Boris,1,
36887289,Belia,1,490.0
36960876,Mieke,1,
37004625,Liezl,1,
37011999,Jansje,1,153.0
37032349,Donna,1,308.0
37062061,Casper,1,231.0
37077495,Jet,1,168.0
37146001,Maxim,1,275.0
37146194,Jurgen,1,295.0
37147301,Reinier,1,
37154997,Wijnand,1,166.0
37200357,Claudio,1,242.0
37210705,Isabella,1,360.0
37221894,Lotte,1,
37230683,Olivier,1,
37249612,Mieke,1,240.0
37252952,Alan,1,
37253702,Jean Louis,1,
37268883,Elke,1,
37289874,Abbey,1,
37310575,Annika,1,
37347310,Bas,1,
37353861,David,1,
37363086,Sebastiaan,1,
37379532,Serge,1,
37384153,Amber,1,
37392875,Stijn,1,185.0
37417111,Boris,1,358.0
37430858,Sjoerd,1,238.0
37449655,Marlies,1,
37493640,Sam,1,275.0
37527947,Thomas,1,
37529423,Hannelore,1,
37548061,Inez,1,
37657968,Adrian,1,300.0
37658666,Ruben,2,127.0
37690050,Rick,1,367.0
37701196,Stefan,1,
37702502,Julia,1,206.0
37752619,Joost,1,243.0
37792870,Charlotte,1,
37806139,Joost,1,
37860458,Coen,1,234.0
37865919,Renske,1,
37866198,Suzanne,1,
37872025,Anna,1,191.0
37878941,Lotte,1,
37886421,Jouke Hidde,1,
37891311,Cas,1,
37896250,Yannick,1,
37901558,Thom,1,197.0
37904683,Raymon,1,
37910751,Iris,1,450.0
37911605,David En Josje,1,810.0
37920935,Mustafa,1,
37928682,Dirk,1,209.0
37976243,Malou,1,180.0
37978168,Anna,1,
37996546,Luc,1,
38008266,Lois,1,
38013928,Isabelle,1,
38015891,Bob,1,
38066182,Sotuda,1,
38071735,Fleur,1,
38086579,Tabitha,1,144.0
38111102,Tyrtza,2,383.0
38148669,Michiel,1,245.0
38177896,Ghassan,1,
38190077,Guillermo,1,
38219553,James,1,
38225075,Naomi,1,
38255117,Lorenz,1,153.0
38268194,Ash Demian,1,251.0
38274141,Dennis,1,155.0
38320375,Charlotte,1,206.0
38327559,Bernard,1,
38341575,Annalies,1,
38352414,Youri,1,650.0
38387941,Patrick,1,
38421902,Jenny And IJsbrand,1,
38422723,Nathalie,1,302.0
38427944,Ward,1,
38438319,Benthe,1,
38440609,Fenna,1,
38483209,Sophie,1,193.0
38486477,Saskia,1,
38499430,Francesco,1,70.0
38518714,Anja,1,
38593595,Christiaan,1,180.0
38610479,Maarten,1,235.0
38633915,Caspar,1,
38638066,Amjad,1,
38652025,Aveline,1,
38661523,Niels,1,96.0
38664325,Elio,1,158.0
38685290,Bas,1,250.0
38704520,Laura,1,
38759035,Bob,1,
38820911,Meie,1,
38825821,Tessa,1,
38872939,Avigail,1,173.0
38899262,Steven,1,
38904369,Sander,1,
38907413,Marco,1,
38924595,Noud,1,219.0
38935182,Nina,1,180.0
38965998,Khalil,1,
39009584,Yara,3,160.67
39015245,Sophie,1,
39017973,Mark,1,216.0
39021847,Nikky,1,195.0
39021868,Frank,1,
39022596,Gretha,1,121.0
39029110,Fabienne,1,360.0
39043685,Mirjam,1,145.0
39065403,Laura,1,183.0
39108365,Marloes,1,190.0
39110511,Mike,35,257.63
39128253,Alena,1,298.0
39131626,Miquel,1,189.0
39137655,Vincent,1,102.0
39146647,Hein,1,89.0
39151532,Marlous,1,213.0
39186492,Jolien,1,
39210632,Miranda,1,
39211269,Gautier,1,
39221996,Dirk-Jan,1,386.0
39231243,Carlos,1,
39268565,Anneloe,1,
39276161,Djinny,1,350.0
39306107,Scott,1,472.0
39308954,Ernst,1,486.0
39325615,Sibren,1,314.0
39373794,Meriem,1,
39416858,Manouk,1,197.0
39421127,Frédérique,1,
39423829,Stevie,2,168.0
39504645,Carlo,1,200.0
39506521,Stefan,1,
39548686,Claire & Daan,1,
39559703,Matthias,1,
39578189,Jolanda,1,
39590287,Lisette,1,158.0
39600914,Petra,1,81.0
39628336,Maria,1,
39644657,Rafaël,1,
39680367,Adriaan,1,
39687165,Mara,1,
39689381,Pierre-Alexandre Olivier,1,
39696069,Jesse,1,110.0
39710258,Michiel,1,350.0
39733508,Indra,1,
39739116,Leendert,1,396.0
39798495,Emilie,1,306.0
39808762,Yasemin,1,399.0
39809095,Patrick,1,150.0
39814563,Adrian,1,226.0
39816184,Hans,1,
39833982,Reinier,1,153.0
39835948,Willem,1,407.0
39892818,Tristan,1,
39903548,Joost,1,170.0
39919353,Guido,1,309.0
39948986,Tom,1,
39961001,Alex,1,
39992727,Victor,1,
39995579,Marius,1,210.0
40002607,Mikel,1,
40004203,Joshua,1,309.0
40008963,Ruben,1,
40033654,Simone,1,
40039110,Abel Valentijn,1,261.0
40105847,Daan,1,154.0
40126098,Ties,1,
40144766,Manon,1,400.0
40146138,Hesse,2,
40175778,Jan Erik,1,
40212149,Bo,1,540.0
40252149,Lotte,1,
40276736,Robert,1,
40285156,Noam,1,329.0
40319418,Santje Anna,1,500.0
40416262,Anthonius Marinus Arnoldus,1,262.0
40419840,Ana,1,
40424273,Karien,2,128.0
40459946,Canan,1,
40473531,Maureen,1,159.0
40476103,Ramon,1,
40507265,Bernard,1,115.0
40518564,Florentine,1,
40558800,Flora,1,
40578627,Joanna Maria,1,
40610918,Maartje,1,
40668655,Martina,1,50.0
40669331,Ian,1,
40693236,Milan,1,
40713389,Ward,1,
40768140,Siebe,1,
40786221,Mayk,1,
40842744,Joep,1,453.0
40843315,Balazs,1,129.0
40854693,J Willem,1,180.0
40858735,Oscar,1,
40887750,George,1,425.0
40965630,Chris,1,265.0
40966470,Janniek,1,
41023809,Peter,1,679.0
41049115,Stascha,1,
41124114,Merel,1,165.0
41126357,Heleen,1,413.0
41130076,Michiel,2,167.0
41142102,Mariam & Norbert,1,403.0
41154743,Rima,1,
41158764,Thom,1,
41246775,Ihsan,1,
41285288,Mark,1,
41289025,Nelson,1,
41349519,Kirsten,1,
41385289,Stijn,1,
41385567,Juno,1,207.0
41413710,Valeria,1,209.0
41441025,Sven,1,
41443297,Rutger,1,320.0
41519249,Nienke,1,
41548045,Jan,1,180.0
41599858,Sophie,1,200.0
41609885,Janny,1,
41639727,Maarten,1,322.0
41651111,Tabea,1,900.0
41682956,Quentin,1,
41837122,Janine,1,
41884848,Tom,1,297.0
41887765,Vilde Augdahl,1,83.0
41909018,Edgar,1,109.0
41916089,Yvonne,1,220.0
42011563,Maria,1,284.0
42054325,Lucy,1,285.0
42101435,Rashi,1,
42111714,Melissa,1,
42123074,Peter,1,
42131394,Ronie,1,176.0
42152626,Lieke,1,230.0
42184545,Laurens,1,
42188238,Wouter,1,234.0
42286632,Frouke,1,
42343390,Maura,1,
42350347,Pieter,1,189.0
42391071,Talitha,1,
42393079,Bob,1,
42396683,Frits,1,195.0
42405890,Marco,1,
42421869,Hidde,1,188.0
42454792,Oscar,1,
42527635,Stefanie,1,
42552144,Mihály,1,
42567598,Joelle,1,244.0
42571071,Thijs,1,680.0
42583507,Haris,1,149.0
42614372,Martine,1,
42676970,Jomny,1,129.0
42698391,Olaf And Mark,1,352.0
42765016,Freek,1,283.0
42771234,Kris,1,101.0
42771686,Ilse,1,
42858004,Julian,1,173.0
42865232,Blaž,1,161.0
42886702,Baptiste,1,380.0
42900803,Etienne,1,
42902272,Lawrence,1,109.0
42919276,Carlfried,1,
42929313,Silke,1,212.0
42973934,Ekaterina,1,445.0
42995389,Emmy-Koos,1,174.0
43021219,Frederique,1,450.0
43147002,Nadine,1,
43154282,Ezgi,1,270.0
43181354,Cristina,1,
43191575,Johanna,1,
43205475,Thomas,1,358.0
43205836,Francois,1,66.0
43236622,Cem,1,112.0
43268411,Tom,1,200.0
43362367,Will,1,
43388404,Thuynga,1,180.0
43396666,Daniel,1,
43423288,Niamh,1,203.0
43445408,Mirjam,1,
43473439,Carl,1,
43478926,Peter,1,250.0
43491593,Stephanie,1,
43514574,Kalile,1,364.0
43514658,Tim,1,178.0
43558489,Derk,1,
43572668,Vincent,1,341.0
43603801,Bart,1,125.0
43614335,Lisette,3,400.0
43652418,Debbie,1,220.0
43661666,Floor,1,180.0
43670444,Amanda,1,99.0
43675762,Alexander,1,
43675917,Carlijn,1,229.0
43688525,Salomé,1,189.0
43718573,Rik,1,
43745391,Laura,1,
43755170,Irene,1,
43775630,Annette,1,
43800778,Floor,1,
43851067,Georgina,1,746.0
43909387,Jarl,1,
43914462,Mai,1,
43932029,Robert,1,533.0
43936095,Judith,1,
43936099,Silvie,1,
43944335,Janina,1,326.0
43952074,Thijs,1,271.0
43958582,Sol,2,406.5
43958595,Felix,1,128.0
43990430,Bronte,1,190.0
43990861,Elsbeth,1,250.0
44025751,Paulien,1,180.0
44051824,Brigitte,2,69.5
44064472,Eline,1,288.0
44101133,Floortje,1,
44142360,Tes,1,140.0
44153072,Ebm,1,380.0
44155340,Anna,1,280.0
44155351,Justus,1,
44164904,Willemijn,1,350.0
44168250,Holiday,3,98.33
44173035,Naomi,1,
44233937,Buket,1,
44238212,Ben,1,
44261218,Reinier,1,270.0
44276500,Gil,1,
44330453,Evgeny,1,
44339987,Laura,1,143.0
44346450,Anna Sofia-Magdalena Elisabeth,1,303.0
44367249,David,1,200.0
44370603,Manon,1,222.0
44377859,Tjerk,1,
44419971,Kiek,1,130.0
44427343,Mathijs,1,
44427893,Manja,1,216.0
44447478,Laurette,1,150.0
44450371,Sandra,1,200.0
44493188,Francois,1,222.0
44551731,Rocio De Los Milagros,1,64.0
44592823,Idris,1,121.0
44599612,Ingrid,1,400.0
44648174,Juliette,1,
44679138,Aaron,1,216.0
44723950,Marianne,1,
44725462,Merel,1,189.0
44747079,Sofia,1,
44752834,Benjamin,1,
44770262,Mieke,2,105.0
44771046,Carlijn,1,177.0
44826218,Mirjam,1,123.0
44853544,Evelien,1,183.0
44859839,Margot,1,276.0
44867480,Anna,1,
44872434,Reinier,1,227.0
44946885,Harm,1,252.0
44991926,Thomas,1,
45015998,Niels,1,
45057037,Alexandra,1,
45188306,Suzanne,1,300.0
45194167,Sophie And Bas,1,
45197116,Ivory,1,294.0
45213478,Sharifa,1,
45218469,Emma,1,
45254035,Jasmin,1,
45267217,Ornela,2,214.5
45281891,Toby,1,
45354532,Sjors,1,
45376468,Isabel,1,
45395382,Marina,1,
45427595,Jasper,1,315.0
45434870,Joost,1,
45457981,Catharina,1,
45498878,Martijn,1,214.0
45502908,Indigo,1,
45507360,Mike,1,108.0
45515352,Maaike Maria,1,179.0
45527837,Noah,1,550.0
45579885,Joost,1,
45588903,Gina,1,203.0
45612260,Nicky,1,
45655021,Astrid,1,127.0
45680733,Sake,1,139.0
45681806,Galit,1,
45725667,Tess,1,163.0
45728982,Willemine,1,
45759359,Remy,1,142.0
45791220,Gracilia,1,
45863923,Jan Willem,1,
45875373,Martijn,1,167.0
45875453,Tony,1,271.0
45881033,Marc,1,
45891368,Sas,1,125.0
45914611,Remi,1,
45917375,Marloes,1,
45934042,Malaika,1,
45964527,Eduard,1,
45969455,Sebastiaan,2,302.0
45989144,Elske,1,
45996789,Christina,1,
46019252,Deborah,1,383.0
46076562,Renata,1,160.0
46077789,Sanne,1,
46104716,Hadewijch,1,181.0
46125160,Wiebke,1,300.0
46161497,Anna En John,1,385.0
46166546,Edu,1,
46169606,Maaike,1,
46173567,Karola,1,198.0
46214474,Jimmy,1,245.0
46214759,Sophie,1,212.0
46231154,Marrit,1,
46231444,Eke,1,
46281957,Tunacan,1,265.0
46297255,Eva,1,
46361422,Iris,1,150.0
46398164,Anissa,1,147.0
46414478,Saba,1,
46433878,Nicole,2,
46439693,Laura,1,275.0
46451368,Barbara,1,248.0
46465739,Gabriel,1,
46466691,Maja,1,218.0
46522961,Jikke,1,
46536635,Selma,1,
46553770,Kaya,1,338.0
46607226,Anil,1,
46613723,Joost,1,
46643228,Laetitia,1,695.0
46678225,Siegfried,1,295.0
46678522,Thea,1,
46683710,David,1,120.0
46685845,Michiel,1,
46691672,Eva & Kobe,5,1555.0
46693044,Romy,1,
46697571,Artem,1,125.0
46714808,Job,1,287.0
46775636,Sahar,1,
46779856,Remco,1,340.0
46826145,Willem,1,
46836221,Vítor Vasco,1,146.0
46873408,Floortje,1,
46878277,Melvin,1,357.0
46924238,Maud,1,
46926830,Jan,1,118.0
46931135,Fabiana,1,196.0
46964410,Joost,1,146.0
47009876,Siem,1,
47014063,Jaleesa,1,
47021452,Louise,1,130.0
47034217,Aleida,1,
47042751,Karel,1,
47081811,Karin,1,
47087729,Luca,1,
47158198,Adelle,1,
47173256,Joanne,1,400.0
47179858,Mineke,1,
47205615,Edgar,1,350.0
47259616,Johannes,1,225.0
47264521,Nanda En Arno,1,464.0
47265643,Magali,1,
47300580,Amir,1,170.0
47315066,Anouk,1,136.0
47327829,Ghislaine,1,200.0
47343375,Gijs,1,271.0
47343985,Luka,1,
47362292,Floris,2,392.0
47366530,Lize,1,250.0
47384867,Titia,1,
47389074,Rutger,2,291.0
47391764,Kasper,1,
47410242,Anna,1,
47439090,Esther,1,239.0
47527853,Lieke,1,203.0
47544121,Francis Chantal,1,146.0
47609410,Dorien,1,284.0
47611301,Fransje,1,540.0
47612725,Merel,1,277.0
47683286,Antje,1,125.0
47691349,Meike,1,
47700753,Maran,1,113.0
47751169,Rutger,1,
47770842,Sven,1,
47780085,Ioannis,1,176.0
47816268,Juul,1,500.0
47819385,Frank,1,447.0
47826218,Coen,1,162.0
47828975,Celeste,1,333.0
47908279,Jacqueline,1,
47924450,Nikki,1,238.0
47965281,Willem,1,
47981094,Job,1,287.0
47990450,Fleur,1,
48033992,Loek,1,577.0
48041456,Tom,1,240.0
48056984,Michel,1,
48057380,Rachida,1,114.0
48137304,Samuel,1,154.0
48141941,Simone,1,442.0
48222698,Glenn,1,275.0
48267410,Guillaume,1,200.0
48307910,Victoria,1,
48335755,Ingrid,1,400.0
48365453,Sofi,1,338.0
48388216,Otto,2,
48390830,Max,1,
48393133,Thijs,1,
48479869,Anne-Jan,1,
48480883,Giovanni,2,308.5
48510493,Esper,1,270.0
48542729,Abel,1,
48549839,Helen,1,155.0
48582599,Gang,1,179.0
48599375,Francisco,1,246.0
48658753,Jona,1,
48673231,Estanislao,1,380.0
48679771,Britt,1,
48703385,Rowan,2,413.5
48735051,Maria,1,650.0
48748271,Wybe,1,
48790899,Egbert,1,111.0
48791190,Linde,1,190.0
48791845,Kate,1,269.0
48842488,Jan,1,
48924726,Veerle,1,358.0
48992735,Emma,1,243.0
49012308,Marlies,1,
49026622,Maaike,1,
49066415,Nancy,1,
49078267,Mark,2,328.0
49086056,Roy,1,
49092096,Philip,1,
49101753,Roos,1,
49111715,Jasper,1,316.0
49145624,Nick,1,
49167762,Harmen,1,
49176032,Huub,2,293.0
49189764,Jan Paul,1,356.0
49225914,Clara,1,
49265961,Joris,1,351.0
49271865,Koen,1,
49315165,Karel,1,
49323127,Marthinus,1,179.0
49342601,Agustina,1,281.0
49365416,Esra,1,
49392640,Lennard,1,
49397271,Julie,1,128.0
49402797,Matthew,1,
49419094,Marrit,1,56.0
49467463,Els,1,161.0
49475014,Minouque,1,
49485203,Maud,1,100.0
49485437,Merijn,1,
49538851,Machteld,1,
49568786,Orhan,1,509.0
49571040,Mateusz,1,
49601495,Sandro,1,
49615140,Daniel,1,
49618926,Joris,1,
49623828,Andrea,1,
49686797,Berend,1,408.0
49693792,Edward,1,
49699338,Laurien,1,180.0
49768032,Menno,1,399.0
49785733,Marco,1,
49804687,Willem En Anaatje,1,
49846186,Marius,1,
49847642,Teresa,1,
49853441,Eva,1,138.0
49854487,Floortje,1,
49858446,Janna Dicky Henderika,1,315.0
49858484,Anne,1,235.0
49870724,Klaas,1,
49909303,Sarah,1,185.0
49920212,Karen,1,
49926649,Leon,1,158.0
49929708,Naomi,1,188.0
50024993,Sharon,1,190.0
50077006,Amber,1,
50143554,Bjørn,1,
50161095,Lisa,1,
50178581,Laura,1,167.0
50186992,Casper,1,
50257932,Lucca,1,
50268303,Nicolai,1,168.0
50271149,Vivian,1,210.0
50276818,Nadine,1,
50300599,Evgeniia,2,
50308833,Eva,1,225.0
50310186,Valentina,1,270.0
50335425,Juke,1,
50353688,Tim,1,
50369989,Derek,1,129.0
50395694,Leo,1,342.0
50395887,Fereshteh,1,412.0
50447598,Tom,1,
50454268,Maartje Adrienne Desiree,1,189.0
50459704,Beril,1,
50510716,Rebecca,1,137.0
50519087,Femke,1,
50597448,Gisselle,1,165.0
50627546,Fleur,1,320.0
50629075,Caro,1,
50640617,Gregorio,1,171.0
50647774,Marius,1,
50655326,Miguel,1,
50739144,Miranda,1,
50753509,Frank,1,94.0
50808412,Daphne,1,
50810324,Maud,1,
50838355,Mathilde,1,
50874564,Sara,1,
50886880,Sissi,1,249.0
50894032,Marnix,1,204.0
50899983,Carel,1,225.0
50901565,Jasper,1,777.0
50904502,Elisabeth Magdalena,1,160.0
50940688,Emmelien,1,215.0
51052375,Bodine,1,137.0
51153888,Bob,1,602.0
51215390,Frank,1,
51218995,Dennis,1,
51222903,Matthijs,1,
51226655,Loesje,1,
51258589,Babs,1,176.0
51288841,Mark Jan,1,391.0
51307295,Ellen,1,
51333509,Loran,1,
51338876,Koko,1,270.0
51341087,Arie,1,203.0
51342853,Jamal,1,309.0
51368565,Sanne,1,
51403934,Anne,1,653.0
51406807,Alex,1,
51416764,Claudia,1,
51417388,Scott,1,
51432601,Bibi,1,207.0
51476382,Paula,1,
51485781,Vital,3,157.67
51485970,Yvette,1,
51489517,Milan,1,176.0
51565809,Esther,1,
51582943,Bart,1,
51583575,Sarah,1,219.0
51604959,Linda,1,173.0
51640884,Marlies,1,
51660367,Ivo,1,160.0
51672912,Tim,1,
51717734,Magdalena,1,
51729198,Lisa,1,189.0
51757785,Matthijs,1,
51758224,Zheng,1,271.0
51780662,Koen,1,
51802563,Jose,1,
51813273,Noud,1,
51817309,Monique,1,
51821132,Martijn,1,190.0
51833998,Willemijn,1,588.0
51848909,Harmen,1,
51882099,Emma,1,315.0
51929438,Mathijs,1,233.0
51940131,Simon,1,
51946366,Nina,1,228.0
52020496,Rogier,1,255.0
52020511,Jaime,1,
52032421,Willem,1,145.0
52048755,Emma,2,
52072269,Njord,1,
52095006,Ana,1,231.0
52102765,Joyce,1,247.0
52154084,Marianne,1,
52154345,Stijn,1,
52159879,Sjoerd,1,
52180905,Vincent,3,225.67
52206393,Hafida,1,
52217378,Sonny,1,
52241312,Maria,1,249.0
52266860,Mees,1,
52282052,Finn,1,160.0
52301883,Elin,2,292.0
52331031,Florentijn,1,340.0
52332359,Jorge,1,180.0
52334546,Rik,1,244.0
52417797,Rinze,2,292.5
52423702,Ro,2,360.0
52446479,Lisa,1,
52498834,Vincent,1,
52513603,Anna,1,
52548458,David,1,122.0
52557385,Eric,1,
52628502,Jorrit,2,245.0
52628715,Jorrit,1,197.0
52681711,Maaike,1,164.0
52734086,Arjan Christiaan Johannes,1,191.0
52753693,Maaike,1,470.0
52765495,Levar,1,251.0
52775757,Philippine,1,269.0
52851370,Rob,2,
52939374,Sophie,1,500.0
53005025,Haenk,1,85.0
53014399,Christiaan,1,
53016863,Annamaria,1,284.0
53031914,Isca,1,100.0
53033702,Claire,1,311.0
53036810,E,1,
53041005,Jo Anne Agnes Maria,1,111.0
53052270,Thijmen,1,
53066913,Etti,1,193.0
53070337,Antonius,1,
53124410,Marcus,1,
53134591,Petra,1,
53134624,Bei,1,
53155819,Tessa & Somesh,1,
53180393,Anne,1,
53187932,Emma,1,
53203726,Mariska,1,109.0
53267111,Nadine,1,
53304017,Erwin,1,
53335715,Silvie,1,
53429551,Cécile,1,
53439431,Marc,1,282.0
53465952,Michiel,2,
53472727,Duygu,1,428.0
53547478,Emilie,1,253.0
53568111,Noortje,1,240.0
53598429,Leontien,1,266.0
53635540,Sietze,1,
53681896,Dana,1,
53692197,Lasca,2,172.0
53724517,Sophia,1,
53730026,Eveline,1,
53734444,Kim & Daniel,1,
53748107,Olivia,1,
53826158,Chris,1,250.0
53829324,Leonardo,1,123.0
53895384,Yvonne,1,
53946798,Jacobine,1,450.0
53959654,Jamey,1,
53966656,Degi,1,
54024037,Noëlle,1,162.0
54024316,JooYeon,1,192.0
54024517,Paula,1,
54031948,Carolien,1,309.0
54036035,Peter,2,141.0
54038459,Maria,1,508.0
54064643,Livia,1,
54081872,Dids,1,295.0
54095989,Giscard,1,452.0
54129219,Gijs,1,227.0
54160128,Katy,1,149.0
54192987,Carien,1,
54233656,Levi,1,118.0
54326139,Marlou,1,
54352284,Nick,1,
54372334,Tess,1,315.0
54378390,Stephanie,1,
54417637,Mary,1,
54438789,Dael,1,
54474693,Diederik,1,180.0
54496746,Sjoerd,1,
54517933,Joep,1,
54579697,Ilana,1,200.0
54610484,Annelieke,1,338.0
54650636,Steyn,1,406.0
54706255,Jordan,1,257.0
54719405,Cas,1,262.0
54741810,Simona,1,
54825137,Mitrofan,1,
54869049,Mafalda,1,
54887610,Amanda,1,
54985737,Martijn,1,465.0
54996385,Michiel,1,
55012171,Merle,1,153.0
55023707,Michaela,1,
55145256,Michelle,1,170.0
55246627,Loucka,1,
55248033,Tereza,1,
55294257,Indra,1,167.0
55338353,Alex,1,156.0
55340991,Max,1,
55396183,Berendien,1,
55431828,Claire,1,
55449913,Marie,1,
55493008,Eric,1,205.0
55499045,Anna,1,270.0
55601507,Nigel,1,401.0
55631056,David,1,
55655801,Wicher,1,
55661548,Sebastiaan,1,
55679371,Florentine Alexandra,1,
55699215,Bouke,1,389.0
55722361,Anna Maria,1,
55794605,Margot,1,198.0
55804109,Tjeerd,1,210.0
55822548,Fabienne,1,190.0
55863637,Vera,1,
55887236,Jesse,1,135.0
55892903,Martina,1,
55895809,Dorothée,1,
55906203,Anna,1,180.0
55911617,Alco,1,314.0
55922029,Frances,1,248.0
55928779,Sandra,1,
55929478,Ingeborg,1,
55934790,Isa,1,
56007762,Olivia,1,388.0
56029653,Clay,1,
56041576,Henkjan,1,
56046911,Georgia,1,
56047639,Suzanne,1,409.0
56052576,Barbara,1,270.0
56060511,Jasper,1,282.0
56061022,Hester,1,200.0
56107337,Marlet,1,
56107825,Eva Charlotte,1,216.0
56163785,Leonora,3,139.33
56203376,Ineke,1,
56240886,Maud,1,192.0
56251661,Antonio,1,109.0
56296118,Anna,1,216.0
56319673,Suzan,1,
56324213,Cas,1,
56376958,Erik-Jan,1,
56380267,Lieve,1,
56465207,Martin,1,249.0
56502610,Charlotte,1,285.0
56572624,Maria Magdalena,1,
56661567,Tom,1,160.0
56704827,Reinier,1,
56714859,Luuk,1,
56737707,Roland,1,
56804246,Rene,1,600.0
56813183,Marlous,1,285.0
56887163,Vivianne,1,
56929281,Carlijn And Axel,1,212.0
56940150,Michael,1,240.0
56942995,Erika,1,
56949269,Jos,1,720.0
56996241,Alison,1,
56997633,Kees Vd Vooren,3,150.67
57087005,Jesper & Ellen & Yara,1,134.0
57099845,Perry,1,
57121275,Hasan,1,
57296927,Chrissy,1,213.0
57378136,Mike,2,498.5
57380890,Julia,1,192.0
57388992,Pam,1,201.0
57389758,Charlotte,1,220.0
57404411,Pablo,1,440.0
57417067,Luke,1,
57437692,Caspar,1,
57488783,Okke,1,
57543360,Ko,1,237.0
57606528,Suzan,1,523.0
57625783,Andreas,1,225.0
57628084,Ruud,2,143.0
57633563,Bernard,1,135.0
57647917,George,1,
57652742,Yuval,1,
57672439,Nienke,1,
57713633,Freya,1,202.0
57714156,Sam,1,
57721058,Leonieke,1,195.0
57723555,Liz,1,307.0
57732314,Zohair,1,
57771318,Annette,1,
57862322,Hendrik,1,
57865143,Laurens,1,815.0
57873940,Andy,1,
57909603,Tessa,1,203.0
57923528,Nicky,1,
57990070,Elianne,1,
58027511,Marloes,1,
58027595,Nana,1,
58083795,Fleur,1,181.0
58098075,Mikey,1,
58139080,Anna,1,233.0
58182517,Helena,1,183.0
58197079,Wouter,1,630.0
58198888,Cédric,1,190.0
58221692,Martijn,1,713.0
58226162,Bert,1,180.0
58288512,Jady,1,
58334007,Romina,1,
58347062,Ernst Samuel Niklaus,1,
58428526,Janeth,3,271.0
58444871,Annemarijn,1,250.0
58540762,Milou,1,
58558108,Ron,1,
58560931,Freek,1,
58599884,Nektaria,1,
58710677,Wilmer,1,205.0
58729484,Louise,1,190.0
58731418,Gheed,1,214.0
58755544,Esti,1,308.0
58778701,Jessica,1,
58813481,Stevin And Jol,1,
58813839,Celia,1,
58844918,Pauline,1,400.0
58851974,Koen,1,180.0
58898507,Allard,1,
58905282,Paul,1,
58961502,Merten,1,
58965355,Tim,1,
58983438,Elzbieta,1,288.0
59004985,Irene,1,332.0
59046701,Lily,1,
59046946,Esther,1,
59049588,Martin,1,195.0
59050185,Antonin,1,
59054356,Jeroen,1,
59112599,Dorien,1,255.0
59203614,Marie Claire,2,
59269534,Nicoline,1,
59292320,Lydia,1,
59294253,Daan,1,
59340913,Sophie,1,
59344219,Jú,1,
59360155,Rutger,1,618.0
59451716,Tom,1,
59453020,Laura,1,
59453922,Sophie,1,
59481890,Lucie,1,171.0
59491345,Dorus,1,200.0
59495096,Vivian,1,
59558791,Carolien,1,
59571427,Rosalie,1,
59579467,Eline,1,
59584355,Eliane,1,
59752419,Isabel,1,209.0
59756512,Armana,1,
59759074,Cas,2,270.0
59770686,Susan,1,400.0
59871118,Carmen,1,270.0
59886206,Dirk,1,
59888670,Tessa,1,
59899870,Rutger,1,198.0
59958793,Sanne,1,413.0
59983407,Nicolaas,1,
60030634,Maxime,1,677.0
60048976,Lucia,1,260.0
60048999,Laura,1,
60062087,Dana,1,200.0
60070666,Marie-Elle,1,
60078926,Matthijs,1,
60130328,Flip,1,275.0
60144546,Jet,1,440.0
60168271,Sven,1,
60176350,Evelien,1,225.0
60189505,Anouk,1,176.0
60190811,Thalina,1,238.0
60226519,Frederike,1,
60332116,Gabriel,1,129.0
60380681,Juliana,1,
60385193,Kevin,1,
60394903,Emil,1,
60396517,Sydney Romeny,1,
60410822,Timon,1,
60465357,Claudia,1,
60478727,Kate,1,
60533837,Leentje,1,
60587978,Stania,1,
60597482,Sacha,1,220.0
60618520,Lotte,1,
60711286,Carlijn,1,134.0
60738290,Marjolein,1,
60742303,Anne Fleur,1,145.0
60762184,Annely,1,
60954428,Sarit,1,234.0
60960917,Jurriaan,1,
60974467,Stijn,1,437.0
60974848,Aleksandra,1,171.0
61045981,Selma,1,
61051024,Sarah,1,320.0
61067558,Maarten,1,
61088514,Jacob,1,335.0
61102217,Julia,1,214.0
61115287,Floris,1,140.0
61134256,Maartje,1,
61134631,Lorenza,1,314.0
61230351,Charlotte,1,
61234861,Ahmed,1,
61302884,Sanne,2,
61362293,Bibi,1,171.0
61362329,Peter Bas,1,
61374916,Ivan,1,450.0
61401345,Ingrid,1,
61403264,E.,1,849.0
61413189,Pieter And Hanny,1,
61431813,Jerry,1,135.0
61437031,Huwan,1,140.0
61450024,Anne,1,
61492977,Durand,1,
61506345,Francijn,1,
61515383,Rens,1,193.0
61515859,Jurjen,1,
61519222,Danny,1,
61540500,Riza,1,90.0
61554931,Thibault,1,132.0
61665088,Adriaan,1,214.0
61692475,Juriaan,1,558.0
61739867,Jc,1,216.0
61743602,Danyon,1,
61749423,Ernesto,1,
61754173,Emma,1,407.0
61756104,Brendan,1,180.0
61763630,Jake,1,317.0
61763951,Cecilia,1,139.0
61766238,Emma,1,249.0
61793365,Harry,1,155.0
61805287,Jan,1,
61810862,Simone,1,345.0
61851029,Emilie,1,365.0
61943183,Mayumi,1,201.0
61966560,Bas,1,
62071989,Ilayda,1,
62079420,Stephanie,1,237.0
62104010,Ziggy,1,
62106834,Marlou,1,140.0
62110445,Esmee,1,200.0
62127910,Tobi,1,
62227831,Frank,1,131.0
62248177,Annemiek,1,
62255142,Simon,1,
62288613,Willemijn,1,
62369587,Otto,1,114.0
62378155,Pien,1,407.0
62503306,Mickey,1,
62527771,Joyce,1,
62630854,Frederique,1,
62641927,Tamás,1,
62643050,Daniel,4,106.0
62649828,Alexander,1,1000.0
62672533,Nikol,2,350.0
62678360,Menke,1,268.0
62718797,Carola,1,153.0
62728205,Manuel,1,122.0
62736311,Jonkvrouw Frédérique Pauline,1,490.0
62763212,Sébastien,1,148.0
62764200,Frits,1,
62803369,Berend,1,266.0
62803770,Sico,1,204.0
62805884,Tjerk,1,
62864652,Anne,1,
62885480,Jort,1,
62901191,Merel,1,241.0
62968975,Bas,1,350.0
62977977,Jeroen,1,
62989692,Thyago,1,88.0
63047687,Jurrian,1,
63088503,Shourya,1,163.0
63150803,Tamar,1,
63212617,Thifane,1,
63215612,Ed,1,
63253558,Elena,1,243.0
63256048,Fé,1,160.0
63345467,Daan,1,135.0
63380461,Sam,1,446.0
63459419,Hannah,1,
63472363,Luc,1,154.0
63485013,Floor,1,
63494292,Menno,1,
63522329,Joyce And Tim,1,350.0
63662335,Emily,1,
63690686,Nanja,1,645.0
63733422,Frie,1,
63794569,Sabina,1,
63841431,Megan,2,
63852364,Diederik,1,310.0
63885574,Tomas,1,
63914391,Helen,1,150.0
63916400,Foke,1,214.0
63930115,Dennis,1,357.0
63939811,Claire,1,
63990807,Cara,1,198.0
64003564,Fabienne,1,315.0
64014525,Pieter,1,176.0
64076052,Frank,1,
64164169,Eva,1,181.0
64172873,Fran,1,
64207968,Carolien,1,212.0
64281686,Elske,1,89.0
64291739,Arko,1,
64390665,Wietske,1,191.0
64476615,Katinka Elisabeth,1,112.0
64497592,Carmen,1,
64548360,Miriam,1,
64595553,Shary,1,
64596266,Henkk,1,79.0
64603308,Mitchell,1,
64614826,Louise,1,
64641365,Nikkie,1,163.0
64676158,Pim,1,
64707171,Maarten,1,225.0
64727714,Eva,1,220.0
64738992,Pim,1,110.0
64754441,Ignatius Cornelis Joannes,1,90.0
64761891,Lisa,2,85.0
64767334,Annette,1,
64795103,Larissa,1,
64797879,Leonie,1,135.0
64855048,Lena,1,
64873933,Marciel,1,1498.0
64894496,Laurent,1,142.0
64907803,Constanza,1,
64908066,Merve,1,
65013030,Judith,1,
65034720,Yannick,1,
65039144,Rafael,1,127.0
65048017,Stefan,1,
65072965,Dax,1,150.0
65114499,Kim,1,808.0
65123278,Anna,1,248.0
65129255,Tolis,1,
65197801,Julie,1,207.0
65198722,Elsje,1,
65201088,Lopa,1,
65203498,Titus,1,100.0
65207854,David,1,180.0
65229838,Linet,1,
65239215,Martin,1,
65307217,Jan,1,99.0
65313645,Reinier,1,
65337161,Erik,1,
65404297,Otto,1,270.0
65450137,Kerri,1,173.0
65450895,Jim,1,159.0
65455545,Claire,1,250.0
65508300,Dirk,1,123.0
65511298,Sanne,1,250.0
65551489,Isabelle,1,379.0
65611171,Bente,1,115.0
65641806,Wouter,1,180.0
65712770,Martina,1,
65714025,Mariska,1,
65714125,Celine,1,
65781345,Juliette,1,348.0
65859911,Jooske,1,
65888777,Lisa,1,193.0
65931436,Madison,1,193.0
65955639,Dian,1,
66043587,Marjoleine,1,800.0
66058009,Roos,1,141.0
66093927,Lisanne,1,
66115967,Muriel,1,
66177483,Marina,1,273.0
66231972,Sebastiaan,1,221.0
66324661,Alice,1,
66367490,Ilse,1,431.0
66377477,Fabio,2,
66493208,Noortje,1,
66590032,Margret,1,
66590751,Natalia,1,
66600773,Bente,1,262.0
66687248,Martijn,1,200.0
66691578,Mirjam,1,107.0
66723944,Kieke,1,305.0
66729799,Patrick,1,250.0
66800435,Maarten,1,
66817978,Karen,1,523.0
66881898,Joanne,1,
66882400,Doortje,1,262.0
66890008,Anthony,1,
66939322,Celine,1,339.0
67016747,Ghislaine,1,
67037730,Christiaan,1,180.0
67046252,Laurens,2,228.5
67055401,Eliane,1,285.0
67070018,Thomas,1,
67076282,Jessica,1,122.0
67152876,Behzad,1,
67171484,Stephanie,1,
67186872,Caroline,1,468.0
67236983,Mary,1,
67250103,Niko,1,
67253919,Marilia,1,284.0
67323136,Luc En Liske,1,
67323192,Joli-Coeur,1,
67340012,Max,1,187.0
67438219,Aldo,1,
67446657,Else,1,
67497550,Sander,1,276.0
67529563,Josip,1,180.0
67546385,Sophie,1,180.0
67551275,James,1,307.0
67566168,Sophie,1,451.0
67602451,Patrick,1,
67605189,Maaike,1,
67620080,Valery,1,171.0
67628727,Emile,1,220.0
67683148,Selva,1,
67689142,Sylvie,1,
67700933,Maud,1,
67706342,Jelle,1,149.0
67717531,Svea,1,
67729845,Willem,2,151.0
67761143,Lucas,1,
67769538,Ilse,1,
67775788,Thirza,1,189.0
67777772,Anita,1,156.0
67862871,Edward,1,80.0
67877082,Ed,1,
67925859,Ellen,1,
68009301,Marijn,1,301.0
68023842,Tessa,1,
68040267,Sjoerd,1,284.0
68042403,Ben,1,
68112124,Alina,1,
68207350,Lara,1,495.0
68214211,Julia,1,419.0
68218039,Frederike,1,
68220587,Vivienne,1,
68255627,Joost,1,127.0
68278014,Tafary,1,
68294035,Alejandro,1,121.0
68332208,Marc,1,
68338234,Dries,10,332.17
68340512,Rosa,1,
68342653,Louise,1,
68366153,Yannick,1,
68369176,Lisanne,1,
68373428,Camiel,1,285.0
68386568,Gervasio,2,247.0
68424536,Ike,1,66.0
68459303,Rajat,1,143.0
68520401,Marieke,1,279.0
68558466,Astrid,1,
68617694,Bastiaan,1,
68631974,Beppie,1,130.0
68688117,Laura,1,81.0
68725397,Santiago,2,303.0
68798024,Marjolijn,1,
68802409,Huib,1,
68806137,Friso,1,175.0
68839861,Sarah Jane,1,
68857471,Floor,1,
68884555,Xarisha,2,159.0
68895286,Guusje,1,
68907308,Trinidad,1,275.0
68939596,Charlotte,1,
68982264,Rene,1,
69057105,Bart,1,288.0
69306712,Angus,1,
69362227,Vincent,1,
69363456,Micheala,2,125.5
69422882,Thomas,2,243.0
69462190,Matthew,1,156.0
69462209,Roy,1,171.0
69471426,Rick,1,
69507678,Elise,1,290.0
69511371,Sjef,1,127.0
69639891,Frederique,1,
69641580,Anne,1,
69663038,Britt,1,
69667343,Maurits,1,921.0
69798902,Esther,1,
69802367,Julie,1,
69939952,Germ,1,
69971797,BnB Beheer,1,295.0
69984143,Tim,1,
70110301,Leonie,1,
70124527,Anna Jacoba,1,
70159170,Derk,1,320.0
70167802,Luc,1,
70184459,Yvette,1,
70311875,Hanneke,1,
70349621,Bart,1,335.0
70362796,Zen,1,
70380039,Katherine,1,160.0
70470031,James,1,185.0
70541257,Joris,1,260.0
70542177,Stamatina,1,
70752066,Navid,1,
70774771,Fabien,1,114.0
70806710,Geert Jan,1,
70838938,Antoine,1,170.0
70967254,Emma,1,383.0
71071110,Lucie,1,
71082959,Anne-Sophie,1,257.0
71130310,Juul,1,
71165306,Sabine,1,
71235302,Demi,1,225.0
71315343,Itay,1,
71326897,Thiemo,1,
71340704,Sander,1,800.0
71358292,Ghislaine,1,226.0
71486319,Willem,1,145.0
71595651,Rebecca,1,
71600577,Maxime,1,233.0
71653135,Gijs,1,520.0
71804979,Kun,1,
71806149,Kirill,1,96.0
71843595,Koen,1,
71936384,Loulou,1,187.0
71956764,Aurelie,1,
71964108,Louise,1,225.0
72052828,Boogaard'S BnB,2,126.0
72066526,Wenda,1,101.0
72127124,Alexander,1,
72236429,Marnix,1,303.0
72245541,Roddy,1,205.0
72259570,Monique,1,
72351034,Nan,1,
72546470,Sergio,1,195.0
72550453,Janneke,1,137.0
72558816,Puck,1,336.0
72637832,Joyce,1,
72648156,Katja,1,
72675755,Sabine,1,
72683672,Fine,1,196.0
72739723,Deni,1,
72771155,Annabel,1,
72819784,Matthijs,1,278.0
72879264,Milan,1,
72908949,Chloé,1,
72952698,Gil,1,
73054823,Léo,1,
73064289,Laura,1,186.0
73079117,Jeannette,1,
73080544,Mateo,1,101.0
73081474,Tessa,1,
73089371,Freija,1,
73131569,Robert,2,
73169850,Luchiena,1,
73176449,Jorien,1,180.0
73178662,Oisin,1,214.0
73182656,Frederique,1,180.0
73320320,Charlie,1,
73341564,Augustus,1,
73351590,Peter,1,
73353988,Nina,1,
73368906,Owen,1,
73391542,Denise,1,
73401457,Ellen,1,1181.0
73470095,Alex,1,432.0
73686455,Sophie,1,428.0
73694681,Annelieke,1,
73702115,Kristina,1,89.0
73798820,Ellery,1,280.0
73819844,Josefien,1,
73835613,Noortje,1,
73872615,Jessica,1,
73904516,Friso,1,300.0
73937898,Ariel,1,153.0
74020496,Willem,3,252.0
74091611,Timo,1,214.0
74094000,Saby,1,162.0
74100088,Amber,1,
74147277,Pepijn,1,
74160274,Larissa,1,200.0
74189566,Anna,1,210.0
74204325,Louise,1,
74252800,Laila,1,
74281568,Ina,1,208.0
74298066,Sanne,1,270.0
74303933,Tomer,1,360.0
74326585,Maud,1,540.0
74339768,Gert,1,338.0
74345358,Michelle,1,332.0
74545464,Bobby,1,242.0
74555080,Klaartje,1,
74556755,Joëlla,1,131.0
74572169,Kevin,1,315.0
74591924,Tim,1,799.0
74646936,Judy,2,328.0
74669056,Lauren,1,
74678404,Puck,1,550.0
74776231,Hidde,1,304.0
74788912,Rosanne,1,160.0
74807974,Vera,1,
74822005,Karel,1,
74823222,Ayling,1,1000.0
74856515,Yorick,1,146.0
74938510,Fleur,1,
74941671,Charlotte,1,
74982625,Giulio,1,500.0
74999205,Roderik,1,252.0
75068003,Niels,1,388.0
75082948,Joia,1,216.0
75128794,Jum,1,332.0
75141793,Marleen,1,
75237279,Margreet,1,
75339434,Anne Elisabeth,1,248.0
75403157,Marc,1,245.0
75415498,Anna,1,
75415761,Iris,3,228.67
75423633,Morris,1,286.0
75424608,Eline,1,183.0
75488781,Johannes,1,250.0
75525024,Robbert,1,169.0
75532507,Lotte,1,
75613506,Timothy,1,
75730294,Bernard A,1,352.0
75731159,Kevin,1,
75751560,Kathrin,1,
75760338,Giannina,1,
75763256,Ton,1,
75853297,Louise,1,
75965589,Tina,1,
76043161,Okem,1,
76068765,Chris,1,227.0
76145209,Francoise,1,
76161984,Maggie,3,123.0
76247677,James,1,
76279400,Guusje,1,
76329795,Thijn,1,280.0
76416726,Maaike,1,
76516488,Elias,1,180.0
76525701,Hannah,1,258.0
76544150,Bart,1,211.0
76555617,Clementine,1,170.0
76572471,Glendon,2,63.0
76597863,Alex,1,
76607139,Karin,1,75.0
76646906,Mickyla,1,
76676515,Spyros,1,142.0
76692315,Rosanna,1,196.0
76724924,Gijs,1,225.0
76731795,Noud,1,153.0
76732587,Abel,1,384.0
76889266,Danka,1,192.0
76927463,Kas,1,
77036505,Suzanne,1,
77050642,Yoshka,1,
77097355,Rebecca,1,290.0
77134684,Ted,1,150.0
77215697,Martijn,1,
77262623,Tessa,1,283.0
77304692,Dirk,1,
77332309,Jack & Semira,1,104.0
77483453,Fernando,1,256.0
77531519,Eva,1,
77540373,Cashoo,3,226.0
77544654,Marijn,1,
77544913,Ingrid,1,
77583944,Valentijn,1,630.0
77641859,Coraline,1,
77665918,Wietse,1,246.0
77670277,Jakob Bart,1,180.0
77686619,Klaas,1,309.0
77723687,Adrienne,1,195.0
77766727,Ysabelle,1,500.0
77784772,Rogier,1,226.0
77833510,Frank,1,285.0
77875737,Ids,1,
77925368,Wouter,1,
78047824,Reinoud,1,
78107750,Imke,1,
78127165,Kaiying,1,6474.0
78235694,Gabriel,1,188.0
78305851,Frederiek,1,270.0
78369343,Isabelle,1,118.0
78374956,Patricia,1,
78385643,Milou,1,
78406089,Michiel,1,256.0
78410826,Koko,1,178.0
78418115,Michaela,1,334.0
78433097,Bas,1,
78442382,Guido,1,141.0
78626615,Max,1,
78641240,Andrew,1,
78658914,Ward,1,500.0
78778887,Jorinde,1,306.0
78781078,Deirdre,1,184.0
78789390,Ronald,1,
78791892,Anouk,1,
78864959,Sharon,1,
78871029,Leonie,1,
78871269,Niloufar,1,
78882793,Dennis,1,181.0
78912979,Gretel,1,
79030818,Daan,1,295.0
79058909,Jan,1,191.0
79115464,Jean-Baptiste,1,253.0
79228674,Minou,1,286.0
79242605,Maud,1,
79254280,Charles,1,184.0
79302346,Melissa,1,135.0
79317608,Wanne,1,
79394277,Valerie,1,760.0
79412828,Jelle,1,
79442071,Igor,1,297.0
79450360,Suzanne,1,401.0
79506533,Tim,1,266.0
79543380,Jian,1,
79548986,Bas,1,144.0
79617446,Stephanie,1,
79619999,Jente,1,93.0
79666655,Marjolijn,1,387.0
79728846,Annebet,1,
79875749,Esmée,1,
79983708,Jorn,1,
79996951,Floris,1,
80032479,Emre,1,
80101174,Thomas,1,
80177707,Patrick,1,210.0
80189823,Pien,1,286.0
80190371,Martine,1,225.0
80203094,Max,1,285.0
80220299,Bram,1,209.0
80221630,Jolijn,1,
80299632,Anne,1,316.0
80314573,Andrej,1,159.0
80322245,Jens,1,
80462092,Israel,1,333.0
80463611,Rob,1,365.0
80468986,Christiaan,1,521.0
80474965,Hendrik Pieter,1,
80535649,Willem,1,507.0
80628293,Mathijs,1,
80643765,Nick,1,405.0
80646829,Koen,1,315.0
80665228,Jacobus Wilhelmus Thomas,1,
80716304,Linsey,1,288.0
80838757,Wessel,1,166.0
80852706,Sien,1,348.0
80856308,Ashkhen Vladimir,1,171.0
80910939,Bart-Jan,1,191.0
81047665,Paolo,1,
81128875,Aleksandar,1,
81164908,Carlos,1,337.0
81258508,Ralph,2,135.0
81411031,Rogier,1,
81478412,Gerrit,1,
81495483,Nathalie,1,217.0
81495877,Stefan,1,
81502839,Simon,1,
81596087,Lucré,1,
81622623,Carol,1,
81642246,Aniek,1,
81648859,Valerie,2,
81662744,Nick,1,192.0
81754686,Allison,1,91.0
81806988,Suzie,1,
81810277,Dirk Jozef,1,
81813405,IJsbrand,1,239.0
81825058,Sophie,1,
81834756,Christiaan,1,162.0
81888856,Celine,1,480.0
81902156,Bianca,1,385.0
81903573,Frederique,1,
81929431,Fleur,1,
81937406,Felice,1,
82032528,Tine,1,
82063024,Elizabeth,1,171.0
82141024,Maya,1,
82222574,Anouk,1,
82235040,Joris,1,302.0
82235987,Pauke,1,
82236080,Niels,1,176.0
82267555,Pim,1,685.0
82270517,Maud,1,180.0
82291525,Sywert,1,
82297492,Ifigenia,1,
82368415,Tanya,1,70.0
82433075,Caterina,1,264.0
82457427,Nadine,1,200.0
82469779,Mels,1,
82496709,Jurrien,1,400.0
82594213,Sacha,1,129.0
82615246,Laura,1,
82617965,Karanjoot,1,206.0
82729457,Jozefien,1,
82812635,Hans & Fonteyn,1,
82830025,Lilian,1,341.0
82902295,Rutger Adriaan,1,171.0
82920775,Sjors,1,
83057204,Dries,1,213.0
83063481,Tamara,1,
83107006,Šćipe,1,199.0
83244930,Joris,1,
83251420,Ton,1,
83253330,Nick,1,
83253632,Julian,1,469.0
83255596,Margaretha,1,270.0
83269288,Karin,1,
83295054,Soshja,1,
83345588,Pip,1,149.0
83372433,Jovica,1,
83377083,Mia,1,270.0
83464142,Roos,1,
83487785,Nadine,1,
83536060,Seweta,1,108.0
83620588,Kay,1,
83622943,Chrit,1,335.0
83635226,Rima,1,333.0
83666205,Dominique,1,225.0
83711790,Kai,1,335.0
83715071,Rutger,2,127.0
83768286,Paul,1,325.0
83781951,Sara,1,180.0
83891777,Anna,1,
83895455,Frans,1,
83901788,Chi,1,346.0
83937064,Nadine,1,
83937638,Floor,1,
84121129,Willem,1,405.0
84188176,Laurie,1,
84197966,Brechje,1,243.0
84256372,Carla,1,75.0
84282976,Martijn,1,247.0
84295165,Jordy,1,244.0
84298977,Dienke,1,
84322484,Pieter,1,
84403409,Rogier,1,250.0
84499435,Sabien,1,
84624116,Adinda,1,
84692157,Bas,1,
84749905,Joshua,1,192.0
84953556,Joël,1,128.0
84968326,Lukas,1,
84968943,Carlijn,1,201.0
84978218,Cynthianne,1,593.0
85019681,Joost,1,225.0
85062216,Marnix,1,550.0
85100740,Roger,2,450.0
85161823,Corrie,1,
85168522,Per-Ivar,1,
85234865,Iskander,1,196.0
85245220,Loïs-Lane,1,
85307424,Tim,1,200.0
85318420,Willem Alexander,1,
85348140,Gwen,1,
85360929,Mirjam,1,495.0
85420364,Mewis,2,144.5
85524419,Michiel,1,485.0
85602577,Marieke,1,161.0
85606206,Lisa,1,250.0
85632656,Anna,1,186.0
85786147,Tjeerd W.,1,
85797410,Stéphanie,1,
85836148,Lizet,1,
85891210,Isabelle,1,253.0
86051949,Alvaro,1,510.0
86079599,Liesbeth,1,342.0
86100617,Jeannot,1,
86172179,Esmee,1,261.0
86173176,Riccardo,1,
86176323,Pauline,1,149.0
86239574,Pieter,1,84.0
86248694,Sanne,1,400.0
86275626,Mareille,1,550.0
86389570,Cameron,1,
86391052,Daan,1,140.0
86445082,Niels,1,
86485258,Laureta,1,216.0
86576934,Nina,1,338.0
86656710,Dick,1,
86657885,Fleur,1,350.0
86666129,Cecilia,1,324.0
86841824,Maarten,1,400.0
86875419,Max,1,183.0
86932790,Jonathan,1,405.0
87073241,Bob,1,
87077244,Paul,1,
87081388,Ro,1,250.0
87090845,Daphne,1,
87177320,Casper,1,
87208818,Wouter,1,280.0
87237081,Wisse,1,
87339999,Roxy,1,
87383005,Jan,1,162.0
87444623,Nadine,1,382.0
87454990,Jacob,1,
87528063,Mariëtte,1,360.0
87552713,Roxanne,1,
87652816,Alejandro,1,382.0
87669768,Josephus Johannes Arnoldus,1,270.0
87718033,Anouk,1,176.0
87743293,Fije,1,
87789252,Annelies,1,
87871054,Wouter,1,508.0
87907951,Anja,1,355.0
87919408,Fleur,1,
87948506,Dinah,1,170.0
87960462,Dirk,1,
87972100,Marianne,1,200.0
87974972,Fleur,3,209.33
88078786,Elisa,1,165.0
88097513,Maria-Anne,1,220.0
88201868,Nesibe,1,
88314415,Mitchel,1,190.0
88345778,Asisa,1,
88437019,Dominique,1,270.0
88464251,Marieke,1,
88479375,Jan & Desti,1,108.0
88536413,Saskia,1,
88537435,Aernout,1,996.0
88554432,Rutger,1,915.0
88621902,Jasmijn,1,338.0
88657933,Tosca,1,
88724515,Annagreet,1,99.0
88820331,Beatrijs,1,
88830713,Kari,1,225.0
88842323,Kevin,1,
88897829,Raldy,1,177.0
89075557,Hanan,1,
89078139,Baris,1,
89079226,Lotty,1,
89142409,Stefan,1,167.0
89142786,Sanne,1,98.0
89290598,Mieke & Cees,1,136.0
89371072,Esther,1,137.0
89473651,Sevgi,1,
89625254,Evelijne,1,
89785993,Caily,1,
89819771,Judith,1,167.0
89881275,Eline,1,
89905785,Roos,1,
89936762,Jasmijn,1,
90054437,David,1,232.0
90065089,Casper,1,
90082702,Marieke,1,
90127191,Anıl,1,288.0
90229739,Pierre,1,
90312637,Alessio,1,
90410488,Eric,1,
90473374,Tirza,2,
90512024,Kevin,1,
90582651,Arthur,1,
90650431,Brit,1,
90698679,Jamie,1,
90747703,Aleta,1,
90763730,Nick,1,
90822397,Leonie,1,
90940756,Janet,1,147.0
91017675,Celina,1,215.0
91071117,Jarno,1,223.0
91108918,Stephanie,1,
91115820,Sjef,1,
91117406,Joost Willem,1,
91137469,Carin,1,199.0
91157303,Lena,1,
91228930,Roos,1,180.0
91265439,Arnoud,1,
91301415,Micheli,1,
91416448,Caroline,1,
91420630,Robert,1,
91469417,Marc En Marielle,1,220.0
91590623,Bas,1,
91600672,Rosalie & Peter,1,
91703561,Martine,1,450.0
91755206,Anne Lieke,1,
91803088,Elliot,1,
91816760,Tanvi,2,
91843272,Manouk,1,
91951982,Lizet,1,
92017793,Deirdre,1,
92293062,Esteban,1,
92375384,Lou,1,236.0
92399597,Gerrit,1,250.0
92405146,Annick,1,280.0
92446758,Abhishek,1,
92474571,Anna,1,220.0
92679184,Emma,1,330.0
92752195,Patricia,1,390.0
92759873,Dorine,1,240.0
92801089,Gijs,1,
92847102,Joel,1,158.0
92952846,Barry,1,356.0
92968024,Robin,1,265.0
92986064,Liliana,1,53.0
93086138,Chantal,1,
93115895,Tom,1,628.0
93125392,Wout,1,225.0
93184375,Denny,1,320.0
93248059,Hendrik,1,
93268250,Lianne,1,
93277830,Bethan,1,
93414882,Yahya,1,225.0
93433722,Juliette,1,
93448893,Paulien,1,260.0
93521498,Mathieu,1,192.0
93609362,Mirella,1,
93612196,Tibor,1,362.0
93668826,Buket,1,225.0
93677584,Bob & Menno,3,364.33
93701481,Janelly,1,124.0
93718240,Simone,1,343.0
93743075,Edwin,3,
93781473,Colm,1,
93813979,Maarten,1,320.0
93875577,Ingrid,1,113.0
93904464,Dionne,1,
93981470,Sander,1,
93988977,Gijs,1,411.0
93989616,Jan-Bas,2,215.0
94061886,Amina,1,204.0
94069991,Nikki,1,123.0
94306388,Joyce,1,
94586404,Nina,1,
94747213,Loes,1,139.0
94786135,Renate,1,145.0
94787319,Linda,1,
94842931,Laurel,4,186.0
94911405,Susanna,1,
94921378,Gerrit,1,
95082866,Julius,1,468.0
95158280,Otto,1,
95163265,Brandie,1,740.0
95179496,Karel,1,280.0
95340715,Vy,1,
95403820,Wouter,1,
95422089,Katia Jaqueline,1,144.0
95513913,Tim,1,214.0
95530747,Joris,1,204.0
95651453,Britt,1,
95739287,Minke,1,392.0
95837725,Michel,1,184.0
95859629,Edu,1,116.0
95982246,Pim,1,159.0
96029934,Felix,1,
96058940,Jeroen,1,
96060378,Winston,1,307.0
96124779,Hanco,1,273.0
96258674,Josephin,1,
96433635,Will,1,
96462135,Anneke,1,
96611863,Hendrik,1,
96660579,Juliette,1,
96678833,Taida,1,
96827507,Jo-Ann,1,357.0
96835985,Rhoda,1,
96876206,Anne,1,
96890675,Houseboat,3,271.0
96921500,Catharina,1,84.0
97066918,Dick,1,230.0
97077316,Matthijs,1,315.0
97085913,Martin,1,332.0
97152679,Lynn,1,
97225151,Sara,1,405.0
97226677,Simon,1,470.0
97351395,Nina,1,252.0
97600607,Merel,1,1435.0
97602499,Bart,1,
97607973,Samantha,1,
97768637,Dominic,1,
97794127,Ward,1,314.0
97800719,Ester,1,186.0
97829166,Emma Julie Elise,1,272.0
97833241,Sebastiaan,1,238.0
97879027,Karin,1,
97942942,Caroline,1,157.0
98171390,Bob,1,169.0
98338677,Thijs,1,
98367021,Reinout,1,
98671552,Myrthe,1,
98788180,Paul,1,224.0
98809586,Niek,1,293.0
98883499,Dafne,1,
98943589,Pim,1,
99025407,Nina,1,
99030764,Almèri,1,230.0
99033120,Sietze,1,
99180812,Ivy,1,355.0
99194923,Cara,1,300.0
99244235,Jim,1,200.0
99355470,Robin,3,
99462145,Octavian,1,200.0
99464203,Vincent,1,665.0
99528340,Wietse,1,
99559924,Yuha,1,
99595481,Michiel,1,268.0
99613785,Hanneke,1,270.0
99642871,Steven,2,
99721252,Ayşen,1,
99802813,Nicholas,1,
99852324,Frank,1,125.0
99876403,Paradise,1,
99924511,Sophia,1,633.0
100012043,Vanne,1,200.0
100077413,Peter,1,
100133885,Catherine,1,177.0
100232584,Janine,1,
100327409,Friederike,1,
100368388,Eline,1,204.0
100388418,Michelle,1,139.0
100504574,Lara,1,480.0
100602678,Devanshu,1,100.0
100672531,Lars,1,
100756593,Eoin,1,
100849533,Florentine,1,385.0
100852278,Nina,1,295.0
100853732,Lisa,1,
100898867,Jeroen,1,358.0
100950302,Eliane,1,
100996455,Aniek,1,
101003417,Anoek,1,270.0
101026697,Francesca,1,204.0
101175570,Lolo,1,203.0
101200680,Dave,1,
101258285,Kenny,1,304.0
101331428,S,1,
101490730,Thomas,3,180.67
101492378,Olof,1,
101631708,Max,1,213.0
101700827,Siri,1,
101731003,Ignasia,1,200.0
101737425,Joannes,1,161.0
101801347,Nickel,1,238.0
101830649,Frithjof,1,
101856083,Unsal,1,165.0
101930627,Ilja,1,
101952795,Anna-Marise,1,274.0
101953609,Johan,1,175.0
101988058,Antoinette,1,
101993859,Mark,1,538.0
102064815,Kirsten,2,199.0
102066248,Berend,1,470.0
102188498,Alexander,1,380.0
102195274,Alvaro,1,245.0
102312844,Burak,1,380.0
102370875,Juliette,1,162.0
102449031,Diosa,1,137.0
102684968,Pim,1,
102738914,Jordi,1,265.0
102749713,Douwe,1,
102772074,Rens,1,
102898077,Dide,1,380.0
103181523,Janneke,1,367.0
103205230,Maria Caterin,1,71.0
103304059,Amber,1,323.0
103352466,Rosalie,1,161.0
103372414,Demi,1,315.0
103507511,Tesse,1,
103548891,Ralph,1,293.0
103638409,Rixt,1,214.0
103668804,Menno,1,215.0
103701771,Tamara,1,
103855329,Mies,1,1056.0
103860857,Paul,1,277.0
103922897,Katie,1,
104018860,Christiaan,1,
104038840,Kelsey,1,233.0
104159335,Tijn,1,405.0
104340471,Raoul,1,
104458308,Rob,1,
104461733,Mimi,1,
104474752,Wietske,1,
104484746,Merijn,1,
104518399,Tijmen,1,366.0
104538051,Emrah,1,
104557574,Pascale,1,132.0
104596043,Cedric,1,
104608167,Wim,1,314.0
104729572,Roma,1,365.0
104735508,Charlotte,1,
104886839,Pieter,1,
105107346,Ewoud,1,
105112408,Robin,1,198.0
105198813,Berfin,1,163.0
105285429,N G,1,111.0
105426856,Allard,1,435.0
105469181,Olivier,1,
105516278,Siddique,1,
105563492,Floris,1,618.0
105621738,Yvette,2,
105776961,Sergio-Michèle,1,195.0
106001550,F,1,
106003312,Vladimir,1,110.0
106020298,Marion And Curtis,1,92.0
106030760,Marion,1,
106097005,Laura,1,149.0
106267213,Jan,4,195.5
106390102,Loes,1,405.0
106587525,Duka,1,
106685305,Annemieke,1,
106715174,Christian,1,140.0
106881878,Marije,1,160.0
106994212,Sharon,1,
107173083,Mireille,1,297.0
107248677,San,1,
107358708,Hussein,1,221.0
107372728,Magda,1,287.0
107429635,Nyaki,1,
107445003,Vera,1,
107448990,Malou,2,216.0
107451990,Marit,1,166.0
107468521,Lola,1,
107474210,Marleen,1,
107621293,Dieuwertje,1,171.0
107733901,Camiel Manuel,1,144.0
107771108,John,1,263.0
107784513,Thomas,1,
107795292,Mekky,1,110.0
107858505,Phylicia,1,
107863257,Jakub,1,301.0
107886475,Maartje,1,155.0
107982559,Narveet,1,
108011218,Tatjana,1,
108221778,Jessie,1,
108331970,Jorge,1,120.0
108336485,Lucas,1,333.0
108475394,Diana,1,225.0
108544306,Lucas,1,
108659794,Frederike,1,
108682717,Helena,1,225.0
108694960,Joost,1,216.0
108745863,Ahmed,1,105.0
108755153,Jane,2,434.0
108833575,Cecilia,1,
108990987,Irene,1,173.0
109026153,Geraldine,1,
109117546,Derek,1,289.0
109164528,Campbell,1,190.0
109166481,Vénice,1,204.0
109225361,Robert,1,
109233067,Anna Louise,1,750.0
109834311,Benne,1,232.0
109868271,Evelina,1,
109959345,Peter,1,
109981168,Denislav,1,
110039530,Xander,1,148.0
110066070,André,1,120.0
110111688,Petra,1,
110116484,Pascal,1,262.0
110127568,Louk,1,
110198627,Ewoud,1,
110396333,Lara,1,169.0
110451612,Bibi,1,208.0
110482233,Quirine,1,
110484766,Ronald,1,94.0
110752593,Anne,1,341.0
110754528,Marc,1,
110760174,Erwin,1,
110765800,Lois,1,171.0
110839823,Doris Man-Wing,1,430.0
110959364,Maurits,1,378.0
111019267,Paul,1,406.0
111203934,Juan,1,
111280692,Arjen,1,317.0
111310867,Jasper,1,
111396524,Arjan,1,
111595884,Sophie,1,126.0
111608886,Coen,1,
111710149,Julius,1,
111736939,Amsterdam Amstel BNB,1,316.0
111742151,Wendy,1,
111774243,Alvaro,1,
111825207,Cas,1,213.0
111912253,Jose Pablo,1,
111938395,Romy,1,745.0
111979590,Mathieu,1,
112106933,Derk,1,285.0
112125012,Lisa,1,
112138011,Eric,1,
112139558,Clara,1,233.0
112413995,Tim,1,
112655274,Bart,1,211.0
112722318,Pedro,1,
112813041,Coenraad,1,315.0
112904782,Niels,1,262.0
112936171,Teun,1,381.0
113091478,Robert,1,200.0
113094717,Steve,1,268.0
113356465,Anouk,1,
113384304,Anouk,1,
113437754,Patrick,1,210.0
113551689,Loes,1,
113712391,Unknown,1,158.0
113778310,Sander,1,
113864912,Sydo,1,
114051248,Sandrine,1,
114134751,Monique,1,290.0
114374789,Frederique,1,
114375702,Claudia,1,
114456380,Maria Cristina,1,
114630975,Shanti,1,
114638050,Zach,1,
114672005,Ming,2,256.0
114678301,Akshay,1,
114777249,Milou,1,166.0
114800251,Nissim Chaj,1,
115026554,Margo,2,
115060068,Wouter,1,
115164286,Vera,1,
115259353,Michael,1,264.0
115330332,Suzanne,1,216.0
115619203,Bob,1,
115625728,Gydo,1,100.0
115638658,Roosje,1,
115770966,Anny,1,251.0
116100026,Tarik,1,237.0
116223810,Carlos,2,280.5
116258190,Tom,1,
116510361,Britt Julie,1,266.0
116571922,Bernard,1,288.0
116572131,Michelle,1,82.0
116631993,Marcel,1,247.0
116941633,Rens,1,
117024794,Isabelle,2,
117113640,Ward,1,212.0
117277412,Roos,1,248.0
117463550,Kiriakos,1,
117562948,Govert,1,
117592429,Isabel,1,
117811372,Daphne,1,
117820649,Mohanned,3,257.0
118023680,Nikki,1,
118206605,Jovana,1,
118311210,Siddhant,1,549.0
118369839,Liya,1,
118379993,Julie,1,
118394636,Diana,1,
118540581,Hotske,1,280.0
118626176,Vl,1,420.0
118649405,Len,1,153.0
118658280,Christopher,1,277.0
118776282,Tristan,1,
118830499,Isabel & Olivier,1,195.0
118941441,Marc,1,
118959692,Michiel,1,272.0
118999550,Tessy,1,171.0
119095690,Marieke,1,200.0
119130895,Giri,1,
119474245,Rutger,1,500.0
119659431,Maud,1,266.0
119731851,Marlot,1,
119746691,Michiel,1,
119750485,Paul,1,280.0
120035137,Kuldeep,1,
120036005,Bente,3,180.0
120044908,Axel,1,
120119854,Ines,1,247.0
120131128,Peng,2,71.0
120258144,Paul,1,
120487586,Charlotte,1,404.0
120496187,Irene Aldivia,1,144.0
120516348,Emile,1,249.0
120594961,Roemer,1,
120715305,Renate,1,131.0
120718867,Indra,1,135.0
120842942,Marjolein,1,386.0
121195108,Florentine,1,379.0
121197675,Victorine,1,
121207653,Jeroen,1,
121291199,Robin,10,88.0
121360424,Tahira,1,86.0
121548470,Luc,1,225.0
121551163,Maurice,1,
121685259,Feline,1,193.0
121712478,Seve,1,315.0
121863909,Pomme,1,405.0
121879583,Amitesh,1,
121911623,Tim,1,
121985032,Tess - BELVILLA,1,148.0
122004515,Ofi,1,900.0
122062293,Giovanni,1,203.0
122536841,Belinda En Paul,1,
122558827,Alessandra,1,
122682988,Julia,1,432.0
122700737,Arno,3,311.0
122785079,Fay,1,
122929047,Dennis,1,923.0
122933358,Laura,1,180.0
123084167,Loek,1,
123191558,Jantje,1,
123279093,Bakoly,1,85.0
123457363,Mariska,1,
123472271,Maarten,1,
123581793,Daniel Gábor,1,242.0
123725246,Anna,1,243.0
123744419,Fleur,1,
123830544,Caroline,1,
123856958,Marchel,1,
124001171,Ellen,1,267.0
124023322,Judith,1,299.0
124027020,Ed,2,202.0
124045322,Ernesto,1,189.0
124059113,Albert,1,
124065726,Cas,1,198.0
124091229,Stephanie,1,154.0
124174193,Ronald,1,
124195894,Sarah,1,
124202838,Frosina,1,123.0
124349399,Nicole,1,
124404826,Mariska,1,
124538339,Riza,1,
124539148,Maurice,1,174.0
124558705,Suze,1,199.0
124583661,Judith,1,237.0
124623758,Claire,1,
124824046,Willemijn Sophie,1,410.0
124883979,Rob,1,251.0
124944211,Harri,1,
125172052,Emilie,1,212.0
125350952,Chantal,1,101.0
125382278,Vladimir,1,233.0
125405697,Jasper & Linda,1,395.0
125556535,Maarten,1,113.0
125558465,Jan,1,130.0
125968179,Danni,1,
126221530,Katya,1,
126245396,Tjakko,2,258.0
126305067,Norah,1,225.0
126455910,Johanna,1,250.0
126555379,Richard,2,108.0
126595743,Wessel,1,354.0
126634634,Leon,1,169.0
126643561,Julia Frederieke,1,
126745092,Stefaan,1,304.0
126865871,Haye,1,
126898620,Juni & Sybren,1,
126915000,Herwin,1,
127018092,Guy,1,
127154994,Anna,1,
127227108,Jurgen Christian,1,
127297078,Lauren,1,
127325757,Jaap,1,
127471071,Martha,1,
127500048,Alexander,1,
127517565,Marius,1,199.0
127552694,Eline Louise,1,180.0
127813196,Maria Nunzia,1,
127822510,Dennis,1,
127901607,India,1,
127948209,Mandy,1,120.0
128080501,Eva,1,133.0
128137942,Floris,1,
128192617,Maud,1,270.0
128237865,Marco,1,340.0
128383038,Koen,1,191.0
128519694,Aron,1,
128591809,Julieta,1,285.0
128600277,Benjamin,1,440.0
128665502,Isabelle,1,160.0
128686183,Moniek,1,315.0
128708136,Tom,1,
128727918,David,1,
128733978,Erik,1,180.0
128747515,Duygu,1,
128755802,Luke,1,210.0
128815906,Marianne,1,
128826790,Natasja & Mylan,4,170.5
128974233,Joanneke,1,285.0
129014967,Johannes Paulus,1,300.0
129032517,Itay,1,156.0
129154292,Anne,1,300.0
129219914,Mascha,1,152.0
129273914,Nienke,1,488.0
129284914,Pascal,1,
129287811,Gesa,1,
129397635,Eveline,1,
129410275,Alexandra,1,
129418215,Semih,1,247.0
129429337,Wouter,1,211.0
129455304,Pien,1,
129465313,Francisco,1,175.0
129467548,Amber,1,
129683092,Emilie,1,
129688536,Tatiana,1,
129727524,Jesse,1,
129775147,Berber,1,
129858996,Heidi,1,
130022015,Nick,1,
130154568,Ilja,1,146.0
130235884,Lucca,1,350.0
130374802,Oliver,1,
130385718,Mirthe,1,600.0
130446084,Sanne,1,250.0
130538997,Sander,1,
130581514,Janiek,1,172.0
130626944,Marloes,1,
130649752,Mi BnB,2,96.5
131052479,Hugo,1,
131141898,Beatrijs,1,167.0
131209287,Ahmad Reza,1,
131223943,Alex,1,
131580321,Annette,2,1431.0
131586504,Karen,1,189.0
131673486,Tols,1,
131715661,Arthur,1,
131725274,Saro,1,261.0
131743048,Dana,1,162.0
131911468,Pedja&Nina,2,422.5
131959695,Maarten,1,629.0
132022877,Lorella,1,
132023005,Joyce,1,
132038398,Joyce,1,315.0
132083261,Roi,1,299.0
132087762,Shivani,1,
132280100,Judith,1,171.0
132295974,Celina,1,217.0
132308426,Alessandro,1,
132483565,Anna,1,
132601538,Johanna Cornelia,1,
132654754,Ogei,1,
132988651,Karlijn,1,145.0
133059618,Xuan,1,
133081519,Kirby,1,383.0
133092312,Dana,1,237.0
133201526,Anne,1,
133342137,Omar,1,
133408533,Filippo,1,189.0
133423729,Jordi,1,
133568594,Cecile,1,
133682285,Lydia,1,
133713729,Liesbeth,1,
133716776,Jeroen & Maaike,1,
133906499,Matthias,1,139.0
133920484,Kai,1,
133980473,Rosanne,1,165.0
134178715,Max,1,120.0
134499208,Oscar,1,164.0
134574969,Thijs,1,808.0
134639746,Boris,1,
134883565,Renske,1,
135036937,Casper,1,415.0
135075092,Job,1,478.0
135209570,Niels,1,407.0
135326260,Per,1,330.0
135463179,Arina,1,200.0
135487531,Rogier & Nicole,7,156.43
135616053,Aart,2,434.0
135625542,Martijn,1,470.0
135704962,Shane,1,
135864526,Emma,1,180.0
135878677,Jessica,1,
135983607,Bas,1,
136336188,Esther,1,
136356020,Otto,1,
136374986,Anne-Fleur,1,
136379923,Achayla,1,
136446173,Maartje,1,
136512566,Samir,1,200.0
136521173,Irisch,1,268.0
136554933,Ethan,1,
136557289,Steven,2,
136558820,Pollo,1,
136633233,Donny,1,
136643553,Geertje,3,151.0
137145571,Sagit,1,
137237592,Nikki,1,190.0
137319556,Dorien,1,
137339475,Recep Onur,1,175.0
137436338,Roeland,1,
137497580,Rutger,1,222.0
137633354,Sjoerd,1,228.0
137637756,Manon,1,
137709844,Esmeralda,1,187.0
137783852,Kyung-Sook,1,100.0
138032059,Lara,1,
138171259,Reinier,1,302.0
138174388,Danielle,1,
138268886,Annelieke,1,
138322781,Shari,1,269.0
138754026,Gillis,1,162.0
138761325,Bram,1,196.0
138944206,Jamy,1,
138948678,Chiara,1,124.0
139066154,Theo,1,325.0
139075883,Woen Yi Jira,4,57.5
139098431,Manno,1,225.0
139211812,Vivian,1,
139225372,Abel,1,
139264151,Derek,1,260.0
139476104,Cynthia,1,
139487994,Leonard,1,386.0
139501318,Bethan,1,274.0
139502299,Roos,1,
139614584,Cas,1,209.0
139663398,Tiare,1,180.0
139671849,Luc,1,
139789410,Will,1,850.0
139793012,Toby,1,
139812512,Christina,1,
139844545,Hans,1,
139972319,Marc,1,190.0
140022268,Henrica A J,1,
140196243,Martin,1,
140199696,Douwe,1,214.0
140298957,Else,1,
140583883,Berber,1,
140740928,Frank,1,266.0
140775798,Wilco And Karen,6,124.33
141160501,Artem,1,
141202635,Youp,1,
141208902,Julia,1,144.0
141349719,Mascha En Vincent,2,230.0
141537065,Novasol,1,9999.0
141648682,Annemien,1,210.0
141658613,Rene,5,284.0
141677638,Gros,5,158.4
141697828,Cees,1,276.0
141734036,Anne Fleur,1,
141766912,Nikki,1,211.0
142205470,Tanju,1,350.0
142241746,Gerwin,1,
142257931,Teun,1,466.0
142376078,Steyn,1,187.0
142463051,David,1,
142672615,Tony,1,
142684786,Maurits,1,180.0
142827134,Manouk,1,200.0
142862882,Callum,1,
142956314,Cheyenne,1,
143000016,Inge,1,
143098191,Peter,15,239.25
143108719,Edwin & Felipe,1,
143109202,Anne,1,221.0
143171282,Arjan,1,
143196011,Veerle,1,180.0
143288682,Bernard,1,
143292798,Ludovic,1,
143303767,Julie,1,230.0
143312497,E.B.,1,
143460398,Annabelle,1,
143465074,Isabel,2,270.0
143518985,Jetske,1,
143521261,Anna,1,
143648589,Cindy,1,
143724137,Milly,1,
143731508,Marieke,1,181.0
143860049,Marissa,1,81.0
143945194,Nicolas,1,154.0
144045413,Nikky Alice,1,373.0
144091903,Annick,1,216.0
144416977,Mitja,1,98.0
144609882,Keesjan,1,864.0
144732157,Arno,1,
144742849,Titus,1,
144771221,Shurjeel,1,
144788976,Robbyn,1,
144822125,Thierry,1,
144830761,Ander,1,
144991429,Pim,1,
145099667,Daniel,1,
145207016,Yke,1,337.0
145230336,Matilde,1,201.0
145255685,Eva,1,343.0
145276227,Martijn,1,
145282400,Thomas,1,
145367114,Rogier,1,471.0
145396624,Lars,1,709.0
145400411,Svitlana,1,
145468170,Ellen,1,98.0
145508536,Joëlle,1,
145549529,Gerbrand,1,
145683392,Gal,1,
145695571,Boaz,1,
145907546,Myriam,1,140.0
145991970,Jorrit,1,264.0
146156656,Udi,1,
146162511,Jan,1,
146288691,Hannah,1,
146307873,Lukas,1,
146354039,Honorine,1,206.0
146421074,Quinten,1,645.0
146477767,Maria,1,82.0
146500953,Alexandre,1,458.0
146645649,Alice,1,162.0
146776246,Frank,1,
146939631,Roel,1,201.0
147234297,Marie,1,302.0
147245602,Jesper,1,
147408776,Roy,1,225.0
147810006,Tessa,1,
148185658,Monica Maria Petronella,1,625.0
148197167,Jan,1,132.0
148342852,Hugo,1,220.0
148343641,Sue,1,252.0
148396863,Leon,1,
148514657,Leo,1,104.0
148697142,Annelotte,1,
149049568,Hester,1,159.0
149227612,Sjoerd,1,
149263158,Selas,1,
149291244,Isabel,1,
149699527,Jacqie.,1,105.0
149847249,Vincent,1,175.0
150055363,Janneke,1,226.0
150103636,Maarten,1,
150108349,Margot,1,208.0
150320217,Marcus,1,
150411386,Eva,1,270.0
150564682,Roy,1,207.0
150564702,Laura,1,227.0
150607519,Diana,1,
150677340,Faralda Crane Hotel,4,5209.67
150829705,Andrea,1,
151062320,Jasper,3,208.67
151145407,Jonathan,1,
151220027,Tobias,1,
151414609,M,3,127.0
151543325,Sevi,1,
151559269,Nynke,1,
151654205,Lino,1,
151759692,Chafia,2,189.5
151786918,Lea,1,225.0
151853937,Elsa,1,
152015271,Roselien,1,
152229108,Erik,1,113.0
152277838,Steven,1,
152306255,Felix,1,800.0
152324277,Gøste,1,200.0
152565049,Aniek,2,203.5
152584447,Anouk,1,
152919845,Imke,1,
152946718,Edo,1,
152947954,Francois,1,
153002608,Justian,1,319.0
153020793,Toby,1,145.0
153078819,Benjamin,1,
153108798,André Gerard Antoon,2,316.5
153202254,Çağdaş,1,195.0
153249809,Eline,1,
153336562,Elisabeth,1,308.0
153385115,John,1,450.0
153478953,Emily,1,
153743011,Merel,1,
153929706,Hannah,1,
154014683,Dana,1,
154433811,Jianrong,4,66.0
154646259,Rowan,1,
154649067,Mathijs,1,162.0
154774784,Nina,1,233.0
154781445,Hester,1,153.0
154892883,Maria,3,192.0
154951660,Marina,1,180.0
154990200,Anne,1,
154994295,Suzanne,2,118.0
155233991,Eun,1,147.0
155245508,Esther,1,
155274317,Titia,1,400.0
155276644,Mirjam,1,550.0
155569221,Joël,1,294.0
155931451,Hidde,1,850.0
155962439,Mark,1,286.0
156070312,Jesse,2,113.0
156207273,Julia,1,85.0
156290299,Lex,1,
156306151,Nathalie,1,83.0
156417033,Nicol,1,
156508981,Oda,1,450.0
156522323,Jeroen,1,126.0
156533734,Bente,1,225.0
156570036,Cristina,1,174.0
156637279,Floris,1,
156648425,Pierre,1,640.0
156731024,Alwin,1,
156755736,Leonor,1,175.0
156764175,Guus,1,236.0
156772850,Romy,1,550.0
156781286,Marjolein,1,
156881255,Ruby,1,94.0
156908584,Caroline,1,350.0
156950900,Roberto,1,
157016768,Ward,1,146.0
157237952,Sander,1,95.0
157240871,Dries,1,203.0
157366043,Jori,1,
157479756,Laura,1,180.0
157500226,Joanneke,1,
157530539,Arnoud,1,
157620952,Jochem,1,
157683871,Annelot,1,450.0
157740405,Nick,1,162.0
157745126,Jeffrey,1,150.0
157758808,Lisa,1,
158029175,Ufuk,1,
158093741,Casper,1,
158286631,Dean,2,259.5
158299935,Lianne,1,
158301859,Matthijs,1,394.0
158458533,Gijs,1,122.0
158474035,Ties,1,239.0
158536037,Floor,1,180.0
158605895,Shannon,1,
158729287,Joris,1,412.0
158787892,Henning,1,
158831746,Nicole,1,625.0
158854505,Helena,1,
158861621,Lidija,1,
158957333,Olle,1,264.0
159108573,Gert,2,67.0
159112610,Giampaolo Antonio,3,268.5
159191492,Bas,1,405.0
159323265,Pim,1,
159473283,Andries,1,270.0
159486558,Leontien,1,
159714428,Tal,1,152.0
159727878,Sam,1,
159730080,Maikel,2,137.5
159805113,Joris,2,112.5
159846137,Von,1,200.0
159969271,Richie,1,198.0
160470419,Joshua,2,77.0
160626123,Amy,1,333.0
160977376,Patricia,1,134.0
161087248,Marly,1,173.0
161255855,Jamilla,1,
161396712,Frank,1,128.0
161467651,Leo,1,155.0
161616335,Michel,1,135.0
161729978,Jikke,2,272.0
161979594,Frederique,1,190.0
162110514,Josje,1,
162627915,Chevelle,1,301.0
162690724,Remco,1,500.0
162770573,Martin,1,
162854949,Dianne,1,
162888033,Max,1,625.0
162914232,Lein,1,175.0
162914563,Florian Olivier,1,
162977928,Cmh,1,
162992085,Joeri,1,
163058040,Koen,1,
163263490,Harm,1,285.0
163282758,Stephan,1,370.0
163313337,Marius,1,
163339448,Thijs,2,215.5
163402243,Romke,1,
163485850,Aurelie,1,270.0
163558656,Paul,1,159.0
163592969,Arley,2,70.5
163624909,Sasha,1,201.0
163704919,Helena,1,235.0
164525858,Marc,1,
164939269,Iva,1,
165076535,Frits,1,304.0
165420877,A.L,1,197.0
165493659,Mariska,1,
165575145,Karina,1,324.0
165814590,Sun,2,214.5
166008693,Carmen,1,815.0
166022137,Jolanda,1,
166131542,Jilke,1,
166366283,Angelica Maria,1,183.0
167032540,Iryna,1,
167351025,D,1,
167603659,Fede,1,
167780026,Jan Julius,1,189.0
167910688,Hans,1,550.0
168539831,Nil,1,
168674651,Malo,1,213.0
168686231,Yu Mei,1,
168891473,Derk,1,
169218756,Josh,1,
169471992,Anouk,1,
169642846,Frans,1,91.0
169673511,Lucia,1,169.0
169734662,Bas,1,120.0
169813925,Marnix,1,200.0
169835244,Eleni,1,146.0
169888857,Julia,1,
169899468,Aron,1,
169915566,Wim,1,80.0
170253186,Coen,1,540.0
170320980,Vero,1,124.0
170352247,Bram,1,223.0
170389054,Anouk,1,126.0
170434701,Mike,1,
170754397,Stijn,1,
170844805,Wouter,1,290.0
170886399,Sofie,1,171.0
171140951,Tamara,1,
171404311,Felicienne,1,
171501479,Joris,1,260.0
171534389,Juraj,1,
171916928,Vic,1,300.0
171975859,Huib And Trees,1,
172000244,Cato,1,
172013524,Ana,1,230.0
172075856,Danielle,1,
172083920,Iris,1,556.0
172121112,Ivan,1,168.0
172209043,Alice,1,
172215327,Daniel,1,338.0
172373599,Giulia,1,180.0
172466476,Maja,1,
172532088,Benthe,1,212.0
172607675,Johana,1,
172796814,Yasmin,1,
172867780,Robert,1,425.0
172920739,Kevin,1,288.0
173086448,Amsterdamnoortje,1,278.0
173340690,B&B Jordaan,2,
173480122,Ralf,1,220.0
173532276,Jasmin,1,218.0
173534908,Barend,1,425.0
173784342,David,2,77.0
173787530,Astrid,1,
174140236,Pien,1,500.0
174384510,Thijs,1,200.0
174521036,Eric En Corine,1,
174715695,Piet Hein,2,187.0
174751543,Emma,1,
174789976,Tess,1,253.0
174798222,Helena,1,386.0
175315662,Wouter And Zu,2,125.0
175413450,Sophie,1,187.0
175435699,Leander,1,163.0
175454731,Ayo,1,
175479515,Annet,1,244.0
175483960,Frederike,1,240.0
175484725,Vivian,1,
175856582,Fabiana,1,
175885486,Christian,1,149.0
176045027,Tim,1,193.0
176057755,Anouk,1,
176059267,Robert,1,111.0
176320082,Lucio,6,76.33
176397431,Sjoerd,1,213.0
176488654,Winnie,1,255.0
176614331,Jack,1,179.0
176739356,Jan,1,77.0
176811314,Maarten,1,
176935179,Parisa,1,
176994374,Carlijn,1,
177273022,Sophia,1,
177369543,Robert,1,
177470094,Marc-Marijn,1,272.0
177638561,Marjanne,1,
177762569,Anne,1,162.0
177787615,Olha,1,172.0
177882998,Kim,1,
178742549,Juliette,1,
178933035,Scipio,1,
179102668,Mark,1,196.0
179312328,Gloria,1,143.0
179424857,Rogier,1,198.0
179643061,Fleur,1,
179670405,Maarten,1,208.0
179742742,Niels,1,205.0
179915931,Marit,1,
180008249,Timo,1,
180288270,Ellen,2,166.0
180635146,Michiel,1,
180740832,Sjoerd And Tom,1,621.0
181037850,Joost,1,
181122150,Yulia,1,152.0
181201244,Saeed,1,
181248409,Anne,1,635.0
181634270,Aletta,1,290.0
181658474,Marcel,1,291.0
181803312,Mariya,2,182.5
181908745,Maarten,1,196.0
182385338,Manon,1,241.0
182412946,Maegan,1,267.0
182592567,Mans,1,274.0
182599784,Isabelle,1,330.0
182909053,Leonie,1,380.0
183007195,Anna,1,192.0
183281482,Ahmet,1,405.0
183343469,Zico,1,155.0
183546093,Bart,1,122.0
183668265,Lizné,1,307.0
183674944,Niek,1,
183771719,Anna,1,
183850236,Stephan,1,
183914590,Freddie,1,
184033244,Roland,1,
184059790,Brigitte,1,
184348028,Tessa,1,
184432212,Maaike,1,
184459140,Michael,1,275.0
184538529,Teresa,1,190.0
184548110,Steven,2,
184756505,Eva,1,143.0
185372087,Loys,1,300.0
185453234,Ivo,1,
185471379,Esther,1,
185510010,Robbert,1,325.0
185603500,Aart,1,
186119073,Hans,2,113.0
186742297,K,2,84.0
186868419,Stijn,1,
186869980,Sebastiaan,1,
186915965,Noah,1,228.0
186967003,Hui,1,
186971262,Adrian,1,210.0
187101431,Marcel,1,
187242087,Frans,1,
187412264,Britt,1,
187643621,Sophie,1,
187701356,Karim,1,143.0
187774443,Lidija,1,128.0
188173319,Cecile,1,
188262188,Sairah,1,
188286481,Diana,1,279.0
188346573,Bart,1,135.0
188371121,George,1,
188463921,David,1,252.0
188472059,Jorinde,1,
189021572,Prakash,2,
189156505,Nicole,1,171.0
189189479,Jens,1,
189267239,Kelly,1,173.0
189283332,Chantal,1,250.0
189319618,Cornelis,1,281.0
189334195,Ria & Ton,1,
189511137,Nard,1,1350.0
189765919,Stephan,1,
189887097,Anne Rose,1,320.0
190253774,Judith,2,120.0
190278130,Floor,1,180.0
190296279,Caroline,1,
190794929,Mitch,2,57.0
191039412,Melanie,1,
191042713,Jasper,1,306.0
191051605,Menno,1,147.0
191287358,Remziye,1,157.0
191338220,Noud,1,288.0
191417752,Stephanie,1,225.0
191691722,Gigi,1,315.0
191856882,Jasper,1,
191926301,Myrna,1,
192000912,Luuk,1,
192012068,Aytan,1,180.0
192098094,Sophia,1,
192104706,Thomas,1,
192126392,Sophie,1,
192163673,Tim,1,
192223569,Polina,1,449.0
192441333,Marga,1,213.0
192518648,Suzanne,1,128.0
192620192,Nils,1,425.0
193061179,Cristina,1,
193423555,Martijn,1,225.0
193864838,Dinja,1,294.0
193907625,Ed,1,
194017705,Marijke,1,343.0
194127289,John,1,
194150204,Miriam,1,137.0
194622709,Arthur,3,358.67
194917812,Marco,1,207.0
195137399,Karen,1,150.0
195172702,Irene,1,95.0
195358845,Romina,1,
195624094,Tineke,1,184.0
195639914,Ait,1,
195942611,Bun & Ben,1,405.0
196007025,Oleksandr,1,309.0
196626595,Laurine,1,375.0
197289142,Greg,1,302.0
197343930,Sef,1,162.0
197732535,Samir,1,232.0
198157018,Annelore,1,
198392894,Monica,1,350.0
198405490,Suzanne,18,368.0
198469799,Sammie,6,192.5
198565736,Jeannette,1,223.0
198602094,Mark,1,884.0
199160590,Ben,1,122.0
199170011,Menno,1,190.0
199260056,Jan,1,
199450112,Iris,2,296.5
199470517,Luck,1,225.0
199498476,Bodil,1,450.0
199638619,Roszica,2,143.5
199665758,Tim,1,
199969719,Dorothee,1,409.0
200136680,Anatole,1,
200231555,Dorian,1,136.0
200733650,Tjerk,1,258.0
200854132,Mikhail,1,
200858752,Sonia,1,332.0
200986878,Dide,1,
201041644,Tanya,1,
201044625,Carolina,2,171.0
201077336,Wim,1,
201308869,Adriaan,1,295.0
201344234,Julia,1,
201376965,Hans,1,111.0
201530435,Max,1,185.0
201621885,Maja,1,
201732674,Julian,1,177.0
201858757,Esther,1,
202002922,Catharine,1,
202021636,Laura,1,
202228575,Juliet & Han,1,500.0
202557755,Puck,1,
202654727,Monique,1,
202713005,Joelma,1,86.0
203031255,Jan,1,
203296939,Mert,1,
203298254,Joost,1,333.0
203332788,Robert,1,266.0
203529722,Bibi,1,207.0
203627746,Tijmen,1,
203692325,Joep,1,
203731852,Aimee,23,727.1
204025524,Django,1,248.0
204029682,Dyllan,1,290.0
204169513,Ernest,1,
204398565,Seger,1,338.0
204553722,Fabian,1,245.0
205602543,Peter,1,144.0
205830809,Jason,5,250.0
205841633,Maarten,1,
205960972,Quintus,1,165.0
205974109,Ritsaart,1,240.0
206197883,Charles And Yochi,1,162.0
206853576,Abel,1,
207048746,Ylja,1,
207086988,Monicque,1,
207132373,Emma,1,
207320748,Sebastiaan,1,
207546297,Laurens,1,
207757434,Jasper,1,244.0
207760260,Matan,1,476.0
207937731,Brecht,1,176.0
208405723,Martin And Ada,1,107.0
209216106,Jacobus Jan,1,164.0
209223476,Marc,1,
209230653,Stefano,2,
209288842,Luuk,1,
209768743,Martyna,1,
209869716,Rintje,2,112.0
209920138,Puck,3,146.0
210049698,Caroline,1,500.0
210253989,Nicolien,1,
210304467,Elisa,1,260.0
210309035,Paula,1,193.0
210689724,Gaia,1,
210765298,Andrei,1,
210872154,Wende,2,209.0
211084998,Johanna Cornelia,1,86.0
211159653,Sander,1,
211258076,Mel & Henri,1,225.0
211564566,Jur,1,154.0
211826887,Emanuel,1,359.0
211843374,Jonathan,1,148.0
211883966,Jesper,1,
211997810,Olivier,1,325.0
212001063,Erik,1,166.0
212010317,Eliane,1,241.0
212180850,Eleanor,1,109.0
212201302,Maarten,1,250.0
212286031,Anna,1,
212603560,Emil,1,
212610914,Bregje,1,
212988346,André,1,
213284349,Jochum,1,226.0
213292255,Daniil,1,
213386410,Edouard,1,
213763128,Jan,1,
214313367,Rosalie,2,143.5
214584715,Isabelle,1,383.0
214625972,Anna Hermina,1,257.0
214654831,Maria,1,181.0
214756090,Tijn,1,
214855796,Kristie,1,540.0
215159267,Daan,1,
215187427,Daan,1,
215702253,Wouter,1,214.0
215817333,John,1,455.0
215897545,Luca,1,162.0
215959521,Sara & Jean-Pierre,1,
216068301,Rosaline,1,
216085401,Rosa Lynn,1,
216275773,Jip,1,162.0
216649929,Justin,1,260.0
216999871,Batuhan,1,
217006596,Danielle,1,
217170022,Liam,1,183.0
217227933,Doortje,1,465.0
217460108,Daan,1,135.0
217577916,Sharmaarke,2,104.5
217872057,Jake,1,
218099270,Helene,1,
218193397,Ekaterina,1,125.0
218198798,Tesse,1,
218280297,Bart,1,225.0
218441418,Michiel,1,
218465236,Rubina,1,
218557633,Rifka,1,
218582446,Stephan,6,261.67
218617542,Tamara,1,197.0
218619358,Hanne,1,186.0
219048139,Unknown,1,
219062056,Bram,1,160.0
219078200,Tim,1,
219229884,Thérèse,1,
219380247,Martijn,1,
219618697,Stephan,5,308.0
219632588,Conrad,1,154.0
219844432,Alessia,1,
220111503,Elsbeth,1,
220271041,Ineke,1,389.0
220436184,Dirk,1,75.0
220504040,Dounia,1,229.0
220520732,Roos,1,390.0
220588814,Lindsay,1,
220612058,Rob,1,
220711664,Stephan,4,366.25
220752520,David,1,
220779110,Nina,1,288.0
220880385,Floor,1,198.0
220966141,Elisa,1,195.0
221002167,Sascha,1,
221337240,Stephan,5,383.4
221374705,Emmy'S,2,157.5
221413806,Richard,1,131.0
221992670,Jonathan,1,
221999437,Maria,2,168.0
222231414,Muriël,1,
222253901,Toni,1,135.0
222345159,Marco,2,
222356269,Paul & Mariana,2,94.5
222664934,Susan,1,957.0
223145241,Charlotte,1,225.0
223154779,Canal View Suite,1,
223165633,Agostina,1,425.0
223476936,Patrick,1,137.0
223486054,Selma,1,
223507896,Dylan,1,361.0
223608666,Anne,1,280.0
223623374,Wietse,1,
223780379,David,1,210.0
223790843,Jan Willem,2,
224019594,Mark,2,138.5
224472650,Fleur,1,
224473029,Paulien,1,257.0
224480862,Maurits,1,240.0
224621027,Arnoldus Wilhelmus Henricus,1,101.0
224920981,Grzegorz,1,
225183279,Walther,1,300.0
225378022,Lotte,1,
225509523,Noah,1,315.0
225769488,Frank,1,
225780606,Stef,2,64.5
226040906,Daan,1,290.0
226130113,Kasper,1,235.0
226167577,Eline,1,360.0
226181266,Carien,1,90.0
226488849,Pascal,1,
226490686,Jess,1,
226533266,Laura,1,
226622106,Stephan,2,297.5
226624896,Maurits,1,340.0
226655161,Eva,1,550.0
226859324,Jacqueline,1,
227050665,Marijke Nynke,1,248.0
227098296,Linda,1,
227317547,Ozan,1,216.0
227579844,Thorkell,1,286.0
227614626,Bonnie,1,
227656109,Imelda,1,143.0
228056341,Amar,2,140.5
228109167,Ahmet,1,360.0
228208519,Eric,6,558.17
228217790,Stephan,4,417.5
228692066,Charline,1,147.0
229196646,Stephan,5,288.0
229464835,Steffan,1,442.0
229836829,Donnee,1,
229886036,Margot,1,255.0
229934853,Maarten,1,275.0
230153935,Maartje,1,206.0
230163762,Stephan,4,312.25
230192164,Benjamin,1,241.0
230276731,Matthew,1,382.0
230314887,Laurens,1,400.0
230325190,Mattanja,1,290.0
230325325,Floris,1,283.0
230350334,Isabelle,1,
230638233,Nina,1,232.0
230651111,Petra,1,290.0
230691342,Laura,1,
230744774,Isa,1,172.0
230926313,Thomas,1,
230927482,Ramses,1,
230959164,Guido,1,221.0
231146517,Noelia,1,227.0
231187864,Quentin,1,477.0
231282154,Vincent,1,
231334285,Sanne,1,
231506422,Diederik,1,296.0
231589707,Marie-Renée,1,386.0
231720767,Niek,1,
231771803,Sjoerd,1,158.0
231936809,Jan Willem,1,375.0
232131139,Rene,1,288.0
232136059,Noa May,1,217.0
232234905,Noor,1,307.0
232969856,Jan,1,229.0
233179465,Benno,1,260.0
233280888,Susanne,1,174.0
233390046,Kevin,2,136.0
233455086,Isabel En Symon,1,
234327127,Mats,1,
234692994,Hein,1,
235039425,Chiara,1,
235181141,Gatis,1,541.0
235961456,Toni,1,181.0
236300394,Michel,1,
236503707,Danique,1,351.0
236715580,Wali,1,
236947216,Cazijn,1,520.0
237046264,Nick,1,135.0
237150404,Luke,13,108.23
237150727,Luke,10,221.38
237150996,St Christophers At The Winston,12,66.0
237371423,Conscious Hotel Westerpark,9,309.67
237391395,Frits,1,
237398646,Fiep,1,390.0
237569995,Rae,1,
237803830,Anne Lotte,1,262.0
237857503,Bas-Jan,1,198.0
238122037,Joost,2,239.0
238981550,Steven,1,100.0
239030156,Rene,1,
239043602,Sander,1,213.0
239069851,Hendrik,2,780.5
239465455,Diara,1,186.0
239497379,Denise,1,300.0
239764380,Johan,1,357.0
240140038,Bregje,1,540.0
240609983,Kristina,1,
240804189,Hedzer,1,
241449179,Menno,1,147.0
241481221,Martijn,1,
241546322,Demi,1,169.0
241644101,Wittenberg,13,323.38
241678298,David,1,450.0
241819753,Alexandre,2,248.0
242108591,Martijn,1,
242235284,Marina,1,300.0
242262009,Fokke,1,
242482572,Rogier,1,
242773168,Roger,2,234.0
242918537,Riksh,1,
243087395,CityHub,1,153.0
243096645,Ninette,2,
243118788,Chí,2,226.0
243419758,Casper,2,278.0
243878598,Bunk,12,187.75
243946234,Collin,1,
244073952,Yasmina,1,157.0
244695471,Jaad,6,245.4
244891058,Carlijn,1,
245107017,Anthi,1,113.0
245267147,Ivan Terence,2,239.0
245419797,Judith,1,396.0
245570474,Daan,1,182.0
245652610,Yannick,1,520.0
245655061,Stijn,1,1283.0
245706459,Christine,1,185.0
245938143,Christiaan,1,268.0
245944457,Jet,1,230.0
246243877,Ramandeep,1,113.0
246538067,Zara,1,273.0
246569156,Ard,1,
246774784,Jaap,2,88.5
247295728,Ciro,1,96.0
247401638,Yves,1,196.0
247427991,Rob,2,135.0
247924312,Bianca,1,199.0
247955061,Babette,1,
248046023,Julie,1,
248195877,Claire,1,
248403712,Shuxin,1,
248439764,David,1,
248468683,Sonja,1,120.0
248594626,Joël,1,
248652946,René,2,186.5
248992792,Valerie,1,300.0
249058042,Alex,1,315.0
249197339,Aline,1,315.0
249221681,Ryan,1,150.0
249390073,Anoek En Thimo,1,
249607376,Annemarie,1,
249674204,Anne,1,149.0
249828335,The July,4,354.0
249906951,Michiel,1,350.0
250801198,Carla,1,103.0
250836965,Anna,1,
251513735,Axel,1,247.0
251533418,Guido,1,200.0
251699470,Saskia,1,576.0
251729623,Anke,1,
251772120,Aliex,1,190.0
251983944,Marija,1,168.0
252105054,Stephanie,1,
252578936,Alex,1,231.0
252993821,Douglas,1,
253014204,Stijn,1,
253685622,Jordi,1,95.0
253781525,Britt,1,338.0
253837793,Joukje,1,188.0
253874008,Sven,1,250.0
254144320,Daan,1,212.0
255238863,Randy,1,
255588037,Eline M J,1,225.0
255928301,Bas En Fenne,1,
255939169,Marjolein,1,
255948705,Isabelle,1,
256141550,Gijs,1,
256615763,Thomas,1,147.0
257166172,Ricardo,2,188.5
257413120,Gs,1,
257545862,Julius,1,251.0
257554404,Albertjan,1,381.0
258129522,Ram,1,
258391748,Demi,1,
258734095,Linda,1,261.0
258734241,Dirk Brian,1,164.0
258973179,Raoul,1,
259140543,Pim,1,270.0
259584738,Laurence,1,178.0
260165819,Nora,1,482.0
260247104,Christine,1,275.0
260372695,Joost,1,
260679243,Mario,1,153.0
260726901,Pernilla,1,
260802154,Joe,1,262.0
260852497,Thomas,1,262.0
260904579,Beau,1,
260931098,Jasmijn,1,
261039832,Casper,1,277.0
261116882,Alistair,1,
261592357,Anne,1,
261838195,Ronald,1,158.0
262182639,Cobus,1,482.0
262236782,Margriet,1,250.0
262559961,Kl,1,182.0
262581388,Bob,1,405.0
262935203,Sayen,1,
263407872,Daan,1,
263423484,Thomas,1,
263682086,Loes,1,243.0
263689887,Marijke,2,210.0
264241571,Pim,1,130.0
264430076,Pim & Daniëlle,1,125.0
264670286,Roy,1,219.0
264679164,Jacob,1,315.0
264702986,Thibaud,1,320.0
264748709,Alexandra,1,
264906709,Lucas,1,4500.0
265253303,Jeroen,1,149.0
265326458,Otto,1,210.0
265624681,Maxim,1,355.0
265967622,Kelvin,1,
265970789,Ronald,1,
266093770,Daan,1,
267109015,Neda,1,
267329034,Pamela,2,125.0
268082245,Chris,1,710.0
268098767,Abel,1,
268108489,Maurits,1,258.0
268289693,Bianca,1,
268323635,Max,1,181.0
268538222,Iris,1,210.0
269014975,Linus,1,673.0
269066421,Robin,1,222.0
269308257,Mark,1,
269485392,Emmelien,1,240.0
269689146,Robert,1,
269714404,Giselle,1,
269718604,Cuneyt,1,
269805213,Babette,1,183.0
270107519,Najat,1,315.0
270245537,Bradley,1,
270286446,Bart De,1,252.0
270501467,Sander,1,375.0
270721664,Stephanie,1,180.0
271011194,Maud,1,216.0
271249820,Tamara,1,200.0
272699070,Elisa,1,152.0
272714342,Sara,1,
273020993,Daya,1,
273084946,Michiel,1,
273094380,Bart,1,182.0
273198642,Victorine & Casper,1,
273252973,Valerie,1,
273266448,Vlad,12,347.2
273338682,Guillermo,1,
273576899,Tamara,1,
273707659,Mirte,1,
274133129,Verena,1,
274272991,Tallulah Manuela,1,350.0
274421872,Robin,1,91.0
274431896,Kris,1,270.0
274491889,Anouk,1,
274734489,Alex,1,
274808687,Hizra,1,207.0
274962310,Stijn,1,360.0
275226527,Rosa,1,
275322000,Siem,1,
275518594,Francesca,1,275.0
275964056,Timon,1,
276344720,Kim,1,
276530904,Gerdie,1,
276762598,Danie,1,180.0
276803998,Ayse,1,
276812090,Ruben,1,1410.0
277018360,León,1,
277056416,Vincent,1,
277531208,Finn,1,300.0
278471041,Hendrik,1,
278815701,Sean,1,232.0
279779297,Andjela,1,200.0
279978711,Jenz,1,
280028016,Ahmed,2,149.5
280076052,Jérôme,1,212.0
280576037,Sari,1,147.0
280638255,Jeandré,1,221.0
281050591,Yonina,1,335.0
281337057,RoomWest,2,116.5
281658595,The July,4,401.75
281747485,Pasquinel,1,275.0
283084793,Lex,1,126.0
283181866,Arnaud,1,191.0
283388317,Babette,1,
283636313,Carina,1,200.0
284011461,Els,1,
284218378,Geraldine,1,256.0
284271894,Lars,1,359.0
284451875,Viola,1,
284533726,Lafras,1,190.0
285974497,Ilse,1,300.0
285997026,Guillaume,1,292.0
286014437,Janne,1,
286023428,Stefano,1,636.0
286058994,Faber,1,106.0
286849188,Evelyn,1,
286904149,Robin,1,214.0
287313714,Oscar,1,118.0
287463018,Aris,1,
287767349,Simone,1,
288010102,Zeynep,1,
288298929,Hugo,1,
288700888,Leonie,1,
289104253,Stephan,9,250.22
289849343,Hester,1,185.0
290764917,Charlotte,1,180.0
291379128,Duco,1,270.0
291545715,Edvina,1,
292253126,Annick,1,
292329394,Ali,1,
292547500,Vincent,1,
292991345,Nivari,1,360.0
293523411,Matiss,1,478.0
293680014,Richard,1,
293712566,Ronit,1,380.0
294162319,Ekim,1,
295063517,Jeroen,1,
296023784,Willemijn,1,250.0
296125419,Ruben,1,
296255844,Sophie,1,294.0
296434030,Heleen,1,538.0
296486446,Marc,1,
297422692,Daan,1,
297549941,Puck,1,200.0
297593311,Emilia,1,
297663351,Frank,1,
297726800,Bram,1,200.0
297947805,Charlie,1,219.0
298249420,Michel,1,121.0
299478966,Inge,1,
299555409,Anita,1,420.0
299566086,Mike,1,84.0
300441303,Monique,1,250.0
300476521,Paula,1,154.0
300483533,Marise,1,187.0
300542017,Rik,1,
300754328,Bart,1,
300820284,Pauline,1,225.0
300932749,Fleur,1,300.0
301472165,Maarten,1,
301508950,Maciej,1,1000.0
301633735,Benjamin,1,105.0
301717793,Tijn,1,
302096660,Lucas,1,201.0
302497029,Chantal,1,
302940677,Tessa,3,275.33
303312760,Agustina,1,360.0
303597180,Hoxton Amsterdam,2,
304488649,Laura,1,215.0
304647792,Winnie,1,
304713175,Wen Ling,1,449.0
305000483,Viona,1,236.0
305352222,Yassein,1,150.0
305520632,Ilona,1,180.0
305845484,Francesca,1,
306262037,Louise,1,405.0
306449667,Marjolein,1,141.0
306454306,Jeroen,1,
306604115,Steven,1,
306791235,Joost,1,117.0
306989342,Larissa,1,283.0
307303828,Ruben,1,470.0
307583187,Jay,1,
307825526,Lot,1,104.0
307943702,Martin,1,
308044305,Soner,1,144.0
308060524,Neneh,1,
308175065,Anne-Clémence,1,
308265800,Sophie,1,105.0
308287773,Marcel,1,292.0
308296160,Koen,1,
308525090,Anne,1,
309173192,Liesbeth,1,351.0
309189524,Noah,1,113.0
309928956,Noumi,1,170.0
310125283,Gaukhar,1,
310155634,Roos,1,160.0
310424576,Romy,1,352.0
310716632,Lisa,1,159.0
310851441,Idilia,1,254.0
310865765,Ted,1,
311321908,Melrose Hotel,9,
311323273,Acostar Hotel,4,209.0
311362818,Sergi,1,
311540043,Kaiyo Elaisja,1,147.0
312020333,Dan,4,476.75
312500493,Murat,1,580.0
312657345,Lewis,2,
313064535,Andrew,1,
313538154,Allard,1,394.0
314064340,Mike,3,140.67
314141568,Lianne,1,232.0
314203328,Jurjen,1,
314312446,Winicius,1,352.0
314641417,Tom,1,96.0
314684383,Zohra Rina,1,75.0
314958284,Isabelle,1,
315247249,Yasmin,1,298.0
315318222,Noortje,1,277.0
316130564,Vy,1,
316460252,Daantje,1,228.0
317055839,Frank,1,
317063910,Joël Philippe,1,
317610242,Elisabeth,1,157.0
317710858,Adrian,1,380.0
317956557,Frederique,1,468.0
318104023,Guusje,1,
319176497,Ester,1,229.0
320332294,Aydın,1,
321767999,Mathijs,1,250.0
322306752,Auke,1,191.0
322790149,René,2,
323946609,Erwin,5,293.8
324540313,Korien,1,135.0
324873771,Melis,1,222.0
325190334,Ester,1,
325864837,Iris,1,172.0
326403956,J,1,
326772808,Raymond,1,
326988469,Alexandra Catharina Theodora,1,
328147839,Steven,1,297.0
328610072,Denise,1,189.0
329088273,Rodrigo,1,82.0
329551325,Melissa,1,225.0
329622417,Jip,1,277.0
330111845,Maurice,1,331.0
330235998,Kate,1,
330357919,Bjorn,1,183.0
331078528,Ronny,1,342.0
331126441,Dorian,1,
331177915,Wieger,1,250.0
331195483,Lisa,1,124.0
331307196,Christine,1,
331355458,Max,1,152.0
331692938,Sara,1,
332550676,Annah,1,139.0
332585972,Mark,1,423.0
332905250,Anna,1,220.0
333080494,Denis,1,315.0
333355675,Simon,1,185.0
333365486,Maurits,2,167.0
333717113,Nicole,1,167.0
333802582,Yvette,1,188.0
334447642,Mandy-Remko,1,100.0
334717443,Caroline,1,
335072659,Tibo,1,321.0
335093566,Joep,1,400.0
335542009,Esmee,1,357.0
335571592,Wendy,1,
335628761,Jazz,1,239.0
337127216,Carli,1,342.0
337367068,Philip,1,
338273559,Charlotte,1,
338334951,Charlie,1,
338400323,Jesse,1,628.0
338442225,Ryan,1,179.0
338735470,Sem,1,
339155901,Anna,1,322.0
339797936,Maarten,1,243.0
339827725,Feline,1,283.0
340060981,Marnix,1,
340202740,Joris,1,180.0
340475366,Monika,1,296.0
340999075,Maurits,1,176.0
341079218,Rens,1,180.0
341143211,Eva,1,375.0
341387825,Sarah,1,
341432744,Addie,1,207.0
341612112,Ruby,1,153.0
341939874,Friso,1,260.0
342059962,Marcellinus Cornelius Johannes Maria,7,274.6
342329793,Jacques,1,
342436086,Reception,1,500.0
342668428,Tina,4,202.25
344550759,Neda,1,
344956410,Pieter,1,
345090941,Lex,2,192.0
345326420,Ela,1,679.0
346347365,Jonathan,1,265.0
346868914,Damien,1,
346975273,Elsa,1,400.0
347253574,Erika,1,
347526214,Daan,1,225.0
347551497,Kristen,1,
347631840,Sascha,1,
347763513,Annelien,1,
348462280,Jurre,1,342.0
348881273,Rob,1,125.0
348888319,Teun,1,143.0
349156992,Esther,1,
349168516,Denzel,1,90.0
349429890,Erik,1,241.0
349591848,Sietske,1,219.0
349620446,Marko,1,86.0
349856190,Niki,1,168.0
350004945,Isabelle,1,407.0
350035338,Casper,1,400.0
350193756,Ivo,1,218.0
350693712,Jacco,1,
350835005,Sjeel,1,
352281587,Arda,1,490.0
352473873,Fleur,1,
352682635,Charlotte,1,221.0
352768089,Weyert,1,294.0
352986594,Puck,1,567.0
353203166,Thomas,1,230.0
353239911,Thijmen,1,
353265138,Marta,1,
353430279,Lejla,1,230.0
353457194,Heidi,1,135.0
353584667,Marius,1,1350.0
353599398,Daan,1,180.0
353643001,Rob,1,
354440066,Damianus,1,
354532008,Chie-Hong,5,132.0
355387959,Priya,1,264.0
355672565,Denise,1,
355905147,Max,1,309.0
356187579,Matvey,1,448.0
356544374,Chloe,1,252.0
357196088,Aad,1,
357673486,Erik,3,223.33
357795208,IJsbrand,1,203.0
357809665,Amsterdam Rembrandt Square City Center Hotel,5,
357980566,Pablo,1,340.0
358245759,Luca,1,198.0
358319976,Shakira,1,307.0
358777842,Li,1,224.0
360542858,Zoe,1,
360802000,Zhifei,1,130.0
360836606,Tijl & Roos,1,154.0
361375098,Marieke,1,169.0
361735352,Pieter,1,311.0
362358104,Bart,1,279.0
362564161,Monique,1,171.0
362613763,Andrew,1,
362707913,Laura,1,272.0
363062312,Jeroen,1,
363404652,Conscious Hotel The Tire Station,4,212.0
363449935,Conscious Hotel Museum Square,4,372.75
363483963,Annemieke,2,
363588623,Louise,1,357.0
363764697,Sulaika,1,
363778450,Marianne,1,162.0
363924652,Eva,1,200.0
364212667,Alexander,1,
364258699,Manuel,1,181.0
364305280,Arnold,23,194.7
364392149,Lisandro,1,
364900249,Sierra,1,
365210971,Kris,1,148.0
365305468,Adam,1,
365788324,Yeh,1,415.0
365804685,Ellen,1,315.0
366233496,Nina,1,
366328211,Zhu Yi,1,
366607134,Sonder (Amsterdam),6,124.8
367055105,Ingrid,1,154.0
367777006,Jason,1,322.0
367808546,Galanti,6,117.33
368221934,David,1,
368358109,Vincent,1,280.0
368436670,David,1,
368682998,Storm,1,
369021934,Mara Eugenie,1,169.0
369191693,The Hendrick'S Hotel,8,362.0
369203186,Clarissa,1,274.0
369366422,Nurbaki,1,
369366766,Steeven,1,234.0
369398152,Tabata,1,253.0
369786243,Paula,2,142.0
369788990,Sefanja,1,
369938358,Prinsen,4,
370101968,Duko,1,249.0
370551437,Aman,1,66.0
370601379,Niels Petrus,1,255.0
371237461,Ruta,1,224.0
371306711,Rosalias Menagerie,2,295.0
371352427,Corine,1,
371553715,Robin,1,
371786608,Ruben,1,
371911960,Sjoerd,1,267.0
372015241,Ecomama,3,99.0
372135280,Marguerite,1,240.0
372283564,Duco,1,
372489806,Anna,1,900.0
372806654,Gunel,1,250.0
372878845,Cocomama,1,111.0
373452732,Christophe,1,149.0
375106479,Jessica,1,76.0
375118891,Anouk,2,84.0
375498265,Mascha,1,
375961673,Cityden,11,329.82
376109674,Conscious Hotel Vondelpark,2,220.0
376498635,Andrew,1,600.0
376591623,Mohammadreza,1,
376878047,Anne,1,470.0
377197467,Tomáš,1,
377614935,Anca,1,
377779795,Pim,1,324.0
377918907,Nelke,1,
378112596,Daniel,1,800.0
378207405,Nelly,1,
378273319,Paul,2,433.0
379731461,Wout,1,
379851207,Floor,1,
380875993,Sam,1,195.0
380881887,Sonia,1,
381207691,Hugo,1,
381452106,Thaiane,1,180.0
382001693,Stanislav,1,
382641511,Lida,2,178.0
384195254,Romee,1,315.0
384238010,Robert,1,907.0
384542245,Maurice,1,182.0
384811832,Peter,1,
385054127,Ilse,1,152.0
385712818,Melanie,1,
385714381,Rijk,1,468.0
387014252,Fleur,1,258.0
387108304,Aran,1,400.0
387165166,Linda,1,158.0
387272603,Floor,1,
387480778,Katja,1,675.0
387937349,Tijs,1,132.0
388048110,Iris,1,177.0
388299644,David,1,405.0
388517488,Ilse,1,
388935820,Wendy,1,315.0
388958092,Lisa,1,375.0
389671504,Rogier,1,400.0
390225734,Marie-Claire,1,
390677829,Safira En Mario,1,205.0
391079647,Alessandra,1,
391094382,Vera,1,306.0
391467741,Wies,1,123.0
391470014,Marc,1,212.0
391929878,Deene,4,245.67
392206016,Ole,1,248.0
392339388,Jasper,1,252.0
392374866,Allison,1,275.0
392612251,Patricia,1,170.0
392808774,Menno,1,
392822377,Juultje Lucia,1,108.0
392830564,Madeline,1,
393139629,Laura,1,280.0
393308251,Natasha,1,239.0
393464005,Ariel,1,
393494412,Pieter,1,178.0
393498789,Lorren,1,
393881639,Ahmed,1,
394101086,Lotte,2,
394170676,Jasper,1,580.0
394395312,Leonie,1,161.0
395148827,Sabine,1,168.0
395220436,Jennifer,1,
395599905,Guiseppe,2,65.0
395651999,Patty,1,158.0
395806760,Joyce,1,252.0
395882585,Lucas,1,
395930606,Bodil,1,216.0
396658151,Carmen,1,
396778126,Caroline,1,250.0
396972465,Alexander,1,270.0
396972767,Wimjan,1,
397075910,Lars,1,288.0
397380186,Nemi,1,
397460091,Frederike,1,259.0
397637440,Louisa,1,420.0
397697359,Flora,1,321.0
397714796,Vivienne,1,228.0
397850285,Yael,1,545.0
398108188,Merel,1,300.0
398261845,Chen Yen,8,206.33
399011671,Simone,1,
399186053,Jip,1,
400038995,Peter,1,238.0
400561189,Remy,1,
400752784,Isabelle,1,207.0
400851790,Roel,2,204.0
401163260,Q-Factory,7,166.17
401344899,Job,1,600.0
401798659,Jade,1,219.0
401983062,Linda,1,144.0
401986849,Kelly,1,
402176281,David,3,239.0
402176760,Davide,1,
402334890,Mike Antoon,1,106.0
402348760,Florian,1,400.0
402394811,Julian,1,
403200344,Daniel,1,189.0
403459191,Bram,1,
403662888,Hannah,1,124.0
403694141,Dorine,1,
403819933,Arent,1,370.0
404266038,Carmen,1,360.0
404272355,Wasi,1,101.0
404302528,Karel,2,130.0
404464429,Anna,2,
404537962,Adam,1,214.0
404661175,Lola,1,299.0
404753568,Leidya,1,187.0
405242051,Peter,1,
405393537,Ilse,1,
405438061,Alex,1,858.0
405613726,Martijn,1,475.0
406547929,Petra,1,157.0
407017762,Jean Paul,5,150.4
407022621,Lys,1,371.0
407091602,Jacob,1,197.0
407316857,Maria,1,270.0
407467457,Leontien,1,300.0
407814298,Max,1,360.0
407822919,Christopher,1,351.0
408082760,Noëllie,1,
408193064,Ingrid,1,
408302321,Joy,1,
408863602,Irene,1,
408866033,Ali,1,
408875254,Huigen,1,
408898089,Richard Alexander Nicolaas,13,258.91
409304770,Floris,1,199.0
409838009,Sara,1,247.0
409848424,Adem,1,
410275452,Michelle,1,
410411385,Max,1,207.0
410507081,Jeroen,1,
410648233,Lennart,1,188.0
410679125,Johanna,1,
410979971,Karel,1,
411179411,Sky,1,225.0
411294642,Wesley,1,149.0
411296512,Thijs,1,161.0
411419847,Eline,1,290.0
411444268,Mieke,1,198.0
411614718,Thomas,1,325.0
411618645,Johanna,1,232.0
411694555,Ilse,1,
411841171,Roos,1,299.0
411916047,Lital,1,295.0
412276538,Florine,1,268.0
412516008,Federico,2,71.0
413710220,Max,1,
414092199,Gijs,1,171.0
414332728,Rolando,1,
414562234,Pippa,1,175.0
414672290,Johannes,1,
415036536,Veronique,1,250.0
415190124,Amy,1,203.0
415193816,Beatrix,1,
415215457,Wilfred,1,
415256067,Davita,1,138.0
415463613,Patricia,2,58.0
415688382,Jamila,1,
415788364,Daisy,1,
416116333,Merel,1,375.0
416156394,Elias Faris,1,
416190814,Sam,1,196.0
416261235,Rowan,1,
416591942,Tim,1,497.0
417311747,Suzanne,1,140.0
417603911,Bente,1,
417605616,Berend,1,141.0
417767307,Kaan,1,158.0
417841556,Olivier & Roxanne,1,
417863296,Maria Anna Liz,1,
417927838,Fernanda,1,
418104218,Marleen,1,
418270816,Limehome,6,241.5
418330693,Manna Henderika,1,322.0
418731169,Laura,1,190.0
418848371,Pieter,2,202.5
418919271,Roy,1,263.0
419207221,Mathijs,1,
419656082,Yuna,1,206.0
419882633,Monique,1,
420223518,Eline,1,
420260037,Roberto,1,280.0
420493361,Shane,1,
420814168,Saskia En Jac,1,
420845707,Hank,1,500.0
420940985,Marco,1,187.0
421003698,23 SouS,3,239.0
421225352,Geoffrey,1,90.0
421532411,Brenda,2,290.0
422283670,Christiaan,1,139.0
422457196,Judith,1,
422561598,Teun,1,
422826371,Maud,1,176.0
423124912,Charlotte,1,508.0
423135929,Angela,2,240.0
423577787,Joost,1,316.0
423797988,Joey,1,300.0
423805632,Geke,1,225.0
423862271,Caesar,1,
423971213,Sarah Fleur,1,437.0
424331647,Xinyi,2,276.0
424408172,Sjoerd,1,170.0
424675810,Bianca,1,140.0
424984500,Katrin,1,220.0
425198051,Nienke,1,
425423942,Julia,1,360.0
425460189,Kristof,1,258.0
425685004,Marion,1,
426060098,Janailde,1,258.0
427022156,Romy,1,
427756570,Sebastiaan,1,210.0
427782633,Catherine,1,
427892176,Weijie,1,113.0
427895232,Klaas,1,294.0
428223536,Jeff,1,
428344496,Catalonia Vondel Amsterdam,8,475.25
429666093,Ane,1,390.0
429814742,Sara,1,
430265620,Jan,1,225.0
430487107,Yamina,2,377.5
430759899,Yaniv,1,
430925874,Isabel,1,
431232791,Rosanne,1,
431250038,Britt,1,415.0
431666981,Simone,1,207.0
431683687,Jeroen,1,180.0
431966725,Natalia,1,450.0
431976474,Alizée,1,
432581332,Tatiana,1,
432591763,Boland,1,700.0
432993604,Lars Pieter,1,194.0
433127006,Hakan,1,
433653146,Esther,1,
434056374,Michael,1,178.0
434063173,Olivia,1,179.0
434356069,Willemijn,1,
434634113,Kyah,1,235.0
434665492,Yme,1,167.0
434668581,Fleur,1,234.0
434778913,Susie,1,315.0
434935641,Le,1,
435062751,Tiago,1,
435589318,Menno,1,
435832418,Béla,1,
435901130,Joline,1,
436163430,Suzanne,1,
436173586,Lydia En Uhuru,1,170.0
436411748,Simona,1,
436866830,Amsterdam,3,299.33
437057114,Siebren,1,289.0
437273212,Daan,1,
437276750,Evi,1,
437283941,Floris,1,1070.0
437683237,Peter,1,218.0
437963160,John,1,157.0
438015102,Floris,1,106.0
438232457,Kaan,1,
438323801,Nand,1,
438575366,Marit,2,291.5
438774190,Kim,1,
438906606,Eric,1,389.0
439127029,Berend,1,240.0
439973717,Fred,1,
440669375,Nina,1,
441046124,Lina,1,144.0
441157226,Nicholas,1,750.0
442383982,Emily,1,347.0
442743813,Agathe Martine Suzanne,1,233.0
443125462,Elena,1,470.0
443217705,Zoe,2,679.0
443234963,Demi,1,189.0
443361746,Lenny,1,165.0
443377994,Tom,1,229.0
443406859,Yasmin,1,
443885530,Asli,1,
444263753,Marnix,1,275.0
444429811,Leila,1,
444588025,Thijs,1,319.0
444891721,Lotte,1,169.0
445478531,Yvette,1,651.0
445633508,Ana,1,264.0
445672936,Luuk,1,232.0
446160201,Inge,1,159.0
447731839,Karlijn,1,
447988943,David,1,220.0
448368781,Franklyn,2,
449031593,Nanette,1,
449180595,Jeroen,1,180.0
449493148,Tunahan,1,207.0
449512002,Cornelis Dirk,1,200.0
449640847,Alessandro,1,
449825081,Dario,5,154.33
449840706,Lea,1,457.0
450136050,Ruben,1,1040.0
451194922,Elias,5,202.8
451599123,Jolanda,1,
451613647,Adam,1,171.0
451840010,Guro,1,300.0
451914194,Maartje,1,
451949160,Daan,1,
452502987,Roxanne,1,
452642165,De Ware Jacob,1,
452673652,M,1,
452714978,Maurits Alexander,1,
452978307,Boy,1,
453302452,Don,1,211.0
453453235,Flip,1,174.0
453560041,Gijs,1,
453749852,Tess,1,475.0
453795227,Robbert,1,
453991545,Natalia,1,270.0
454149319,Ruben,1,
454396243,Ebru,1,408.0
454525842,Natanael,1,158.0
454729731,Ortál,1,
454820550,Sven Wouter,1,
454967437,Justine,1,
455216626,Nina,1,290.0
455302001,Erwin,3,129.67
455317990,Zildjian,1,
455527910,Anneke,1,164.0
455832510,Klara,1,
456004523,E,1,405.0
456453541,Suzanne,1,352.0
456675188,Marcel,1,
456918236,Veronica,1,238.0
456972506,Ramon,2,433.5
457049780,Florine,2,144.0
457129454,Jup,1,175.0
457148710,Louise,1,391.0
457441733,Nicola,1,
457636823,Zoey,1,
457779030,Tessa,1,
458024430,Casper,1,216.0
458035736,Teun,1,
458514270,Stella Hendrika Maria,1,245.0
458702529,Victor,1,
458877352,Valentin,1,
459020797,Saskia,1,344.0
459169257,Naomi,1,
459185493,Carine,1,400.0
459208090,Stephanie,1,
459345147,Storm,1,878.0
459364192,Andrea,1,
460293322,Jacqueline,1,
460348022,João,1,
460700360,Elias,5,186.0
460743392,Thomas,1,153.0
460864695,Melda,1,250.0
461203473,Laura,1,855.0
461408937,Koen,1,
461484733,Guinevere,1,226.0
462327192,Daniel,2,79.0
462359779,Donna,1,
462392932,Rutger,1,261.0
462655634,Akiva,1,266.0
462680028,Marc,1,
463398586,Kim,1,
463567321,Jorryt,1,
463675015,Isabelle,1,
463916966,Coenraad,1,280.0
463995391,Ruben,2,299.0
464101068,Cees,2,112.0
464172482,Daniël,1,150.0
464220416,Luca,1,280.0
464581162,Alberto,1,600.0
464812850,Juliette,1,
464973907,Sophia,1,
464991121,Melisse,1,
465028677,Teodora,1,
465235407,Mechteld,1,
465241936,Evelijne,1,
465594008,Hiske,1,
465661718,Marieke,1,
465821043,Derya,1,
466036246,Katarina En Ralph,1,165.0
466047423,Flavio,1,
466237853,Simone,1,
466619294,Hilde,1,
466748199,Tanja,1,
467042810,Tessa,1,261.0
467274776,Elisah En Oscar,1,
467631242,Midas,1,
467632183,Marije,1,
467768975,Arthur,1,405.0
467794608,Johanna,1,
467981106,Karina,1,
468143580,Lisa,1,235.0
468195304,Nana,1,129.0
468630698,Matias,1,248.0
468657729,Tjarco,1,140.0
468828595,Ian,1,
468871281,Adriaan,1,
469100658,Resident Moose,1,386.0
469148913,William,1,97.0
469399694,Stiven,1,
469442739,Daniël,1,200.0
469594182,Laura,1,365.0
469695707,Sander,1,250.0
469792372,G,1,81.0
470023855,Sándor,1,
470304562,Ramon,1,152.0
470506719,Agustina,1,140.0
470720781,Farah,1,300.0
470988767,Satish,1,311.0
471073060,Stefan,1,315.0
471270268,Barbara,1,
471447478,Maartje,1,
471526477,Mette,1,186.0
471644720,Ronald,1,
471892652,Sam,1,81.0
471909831,Valentine,1,297.0
471973690,Marjotta,1,235.0
472153904,Marcel,1,739.0
472858422,Tiago,1,93.0
473505085,Babs,1,
473677950,Lisa,1,
473806293,Martin,1,
473808647,Arno,1,
473826683,Kelly,1,495.0
474138961,Manja,1,263.0
474183434,Sanne,1,192.0
474491267,Sophie Maria,1,
474493897,Tim,1,
474499350,Victor,1,
474694134,Phil Philip,1,203.0
474904428,Aniza,1,53.0
475135653,Jan,1,
475243475,Milou,1,
475267327,Joost,1,
475324253,Guido & Britt,1,202.0
475572360,Joannes Raphaël Maria,1,288.0
475599034,Kareem,1,
475600102,Toby,1,258.0
475976928,Carlijn,1,
476426303,Leandro,1,138.0
476470682,Jordy,1,
476490036,Sergey,1,561.0
476556782,A.C.,1,
477160407,Mary-Grace,2,238.0
477179270,Thijs,1,
477216467,Marcel,1,162.0
477225549,Suzana,1,
477489942,Maik,1,
477493678,Janno,1,405.0
477519759,Catherine,1,182.0
477672327,Mick,1,
477684300,Robert,1,
477843878,Jacob,1,330.0
478126905,Sebastiaan,1,363.0
478213804,Paul And Karen,1,600.0
478375422,Angela,1,265.0
478494923,Bram,1,
478518061,John,1,601.0
478555644,Olaf,1,144.0
478570080,Tale,1,1081.0
478727071,Adriaan,1,116.0
479032736,Tom,1,135.0
479107885,Domagoj,1,235.0
479314463,Susan,1,
479472326,Mike,1,203.0
479596327,Frans,1,
479600927,Tom En Sanne,1,
479620264,Alexander,1,252.0
479922616,Aline,1,259.0
480184255,Max,1,
480438501,Iwan,1,133.0
480448936,Matthijs,1,
481069764,Cornelia,1,403.0
481071116,Jennifer,1,350.0
481210641,Veerle,1,
481243530,Marcus,1,553.0
481501477,Quentin Zoo Hotel,6,343.33
481920326,Bahaar,1,290.0
482175683,Bas,1,
482241223,Hendrick Bernard,1,212.0
482467444,Thijs,1,
482483666,Fanna,1,221.0
482723063,David,1,136.0
482884317,Claudia,1,
483258417,Ruben,1,169.0
483286831,Gabriela,2,75.5
483314008,Sandra,1,179.0
483329224,Annika,1,495.0
483533623,Danielle,1,
483920315,Kirsten,1,161.0
484340111,Theodora,1,353.0
484511277,Sanne,1,
484535538,RoomPicks,9,24619.89
485015216,Ioana Corina,1,
485016137,Yuyu,1,
485170300,Karamel,1,
485471013,Tamara,1,
485657047,Fé,1,225.0
486429198,David,3,138.0
486450211,Dg,1,
487011105,Niels,1,200.0
487140729,Marlieke,1,
487296974,Fay,1,240.0
488203489,Tess,1,
488351247,Heather,1,
488428896,Koert And Kecia,1,
488837994,Eva,1,
488975224,Chelsea,1,
488984558,Abdullah,15,165.73
489180306,Han,1,1271.0
489280581,Maik,1,
489292668,Vanity,1,
489345658,Claire,1,136.0
489714873,Ewout,1,400.0
489931150,Kimberley,1,200.0
490239973,Jason,1,
490315408,Maartje,1,
490317023,Elmar,1,169.0
490582068,Allard,1,
490660666,Milou,1,225.0
491449632,Charlotte,1,
491512655,Floris,1,305.0
491635883,Kerim,1,200.0
492155663,Esther,1,196.0
492232175,Maarten,2,
492470123,Bas,1,283.0
492963578,Pamela,1,470.0
493320964,Julia,1,121.0
493364251,Jelmer,1,314.0
493729292,Riks,4,137.0
493888476,Eline,1,
494044437,Derek,1,
494097870,Thomas,1,540.0
494288388,Josephine,1,
494468877,Carmen,1,440.0
494871039,Frankie,1,433.0
494955239,Leon,1,
495140201,Morschi,1,361.0
495150929,Michele,2,164.5
495665775,Frederique,1,200.0
495679628,Danique,1,
495729075,Rijk,1,167.0
495769806,Yutian,1,110.0
495838645,Giuseppe,10,668.86
496305414,Ouhao,1,
496517242,Natali,1,575.0
496874888,Roos,1,198.0
496907900,Feddo,1,
497535317,Cato,1,
497542196,Maureen,1,
497543132,Jia,1,146.0
497545802,Jule,1,200.0
497883332,Dewi,1,475.0
498094905,Fritz,1,600.0
498869432,Katinka,1,
499023064,Adam,1,
499161967,Tobias,1,124.0
499402351,Gráinne,1,
499627064,Areke,1,
499650474,Esther & Erik,1,266.0
499961169,Quinten,1,
499977977,Jessie,2,80018.0
500140264,Loeloe,1,
500433579,Vincent,1,
500753678,Carlijn,1,250.0
502273251,Nicole,1,
502607145,Yvonne,1,
502707475,Isabel,1,
502752431,Julie,1,
502843313,Elisa,1,321.0
502872854,Kris,1,340.0
502914333,Akhmad,4,111.0
503177962,Wouter,1,
503258522,Heindrich,1,137.0
503369249,Pien,1,
503442563,Nedr,1,
503491020,The Social Hub,6,252.2
503504639,Awien,1,157.0
503540785,Florian,1,200.0
503665873,Stephan,1,
503794699,Paula,1,190.0
504195555,Rutger,1,144.0
504448710,Ivanka,1,
505288245,Julia,1,243.0
505785162,Hugo,1,
506056652,Bob,1,
506372296,Maria,1,300.0
506557458,Nola,1,
506576458,Judith,1,136.0
506675072,Emma,1,
507332773,Tamara,1,
507583960,Frida,1,
507597726,Tim,1,158.0
507752514,Claire,1,350.0
508078823,Gerome,1,80.0
508150873,Christof,1,68.0
508211274,Kristy,1,
508365188,Tom,1,
508822377,Femke,1,
508937163,Saeed,1,239.0
509014216,Atilla,1,178.0
509520254,Jure,1,225.0
509523715,Frank,1,348.0
510451438,Mayke,1,
510667467,Daphne,1,420.0
510741608,Angel,2,248.5
511536103,Noa,1,272.0
512133118,Samira,1,89.0
512405589,Anouschka,1,
512675656,Marco,1,257.0
512682278,Scyler,1,450.0
512713602,Gerben,2,324.0
512954052,Eric,1,
513446150,Nina,1,
513803463,Lloyd,1,
514303116,Sascha,1,
514416875,Wies,1,180.0
514697372,Ana Maria,1,
514842333,Jacobien,1,585.0
514893237,Zeno,1,
515018287,Lisse,1,
515140022,Jiliane,2,82.0
515148114,Stijn,1,1150.0
515401060,Jan,1,315.0
516113239,Jimmy,1,
516322414,Eva,1,
516540650,Sebastiaan,1,
516652702,Leon,1,280.0
516663804,Olivier,1,
517022971,Pauline,2,
517031979,Deepak,1,
517099042,Malachi,1,80.0
517223258,Rob,1,175.0
517505198,Merel,2,
517668573,Minna,4,197.0
517683118,Boris,1,214.0
517730311,Anne,1,358.0
518570870,Michael,1,472.0
518590845,Savannah,1,
518593415,Niek,1,
518678255,Rochus,1,
518891729,Judith,1,
519050849,Cathelijn,1,274.0
519073388,Marije,1,
519207882,Xuqin,1,160.0
519565147,Anthony,1,
520343090,Jesse,1,325.0
520447937,Esther,1,
520464508,Johannes,1,336.0
520830679,Maud,1,311.0
520881154,Etienne,1,116.0
520888906,Alexandra,1,
520985601,BnB Assistant,1,409.0
521352811,Irene,1,
521398732,Yannick,1,233.0
521566595,Jackie,1,375.0
521605636,Grace,1,
522338070,Maren,1,234.0
522414806,Yannick,1,252.0
522723466,Eloizah,1,300.0
522727959,Mino,2,120.0
523064012,Gerty,1,367.0
523224029,Archil,1,308.0
524084192,Sauraj,1,293.0
525310799,Sebastiaan,1,
525387344,Houses And Holidays,1,
525570164,Zina,1,
525586502,Wartan,1,
525850050,Robin,1,315.0
526040211,Willem,1,176.0
526461757,Tom,1,
526618481,Peggy,1,189.0
527358489,Anne,1,
527444539,Jan,1,
527581023,Branko,1,157.0
527671767,Elise,1,
528049242,Eric,2,448.0
528171018,Robin,1,190.0
528387004,Robin,2,160.0
528741726,Nicolaas,1,
529460293,Ciel,1,190.0
529495888,Thomas,1,
529703380,Menno,1,384.0
529916341,Zohal,2,140.5
530030282,Noah,1,
530195197,D.E.,1,
530273833,Quicho,1,
530606057,Pedro Paulo,1,
530607670,Robbert,1,
530696805,Martha,2,120.0
531009639,Roel,1,1020.0
531392778,Joska,1,
531594725,Maria,1,207.0
531745498,Charlotte,1,
531806158,Minna Sini Pauliina,4,166.5
531941097,Sammie,1,472.0
532045347,Meile,1,
532619697,Tatiana,1,
533297776,Juan,2,337.5
533402494,Tessa,1,
533425482,Guus,1,
533778546,Niek,1,298.0
533813955,Valentijn,2,81.5
533874276,Nicoline,1,360.0
534378749,Todd,1,
534803798,Vlado,2,300.0
534954417,Pascal,1,203.0
535020134,Jan,1,389.0
535308165,Tim,1,
535809024,Tim,1,219.0
535965005,Amsterdam Lake Hotel,1,151.0
536111625,Willemijn,2,
536385900,Sascha,1,335.0
536487432,Naomi,1,
536642166,Miranda,1,238.0
536769360,Nadjim,1,183.0
536798764,Miguel Alexandre,1,713.0
536932526,Maurits,1,223.0
537550724,Dominique,1,336.0
537718753,Marlene,1,322.0
538015320,Lauren,1,225.0
538035047,Mayliss,1,450.0
538036622,Marnix,1,2200.0
538759016,Max,1,238.0
539165993,Bieneke,1,203.0
539335791,Stephanie,1,
539494874,Anna,1,
540290532,Sophie,1,
540621098,Julia,1,540.0
540648508,Xiao-Long,1,
540758770,Johan,1,448.0
541200082,Liana-Alexandra,1,141.0
541620743,IhArt,4,131.0
541908319,Harry,1,
542053810,Saeed,1,
542062506,Kimiya,1,
543396253,Saskia,1,110.0
543577806,Margriet,1,
543948824,Mohamadi,1,306.0
543952856,Rochelle,1,310.0
544383032,Sophie,1,309.0
544606441,Nicolien,1,203.0
544908652,Morgianne,1,
545233104,Laura,1,130.0
545567767,"Park Centraal Hotel Amsterdam,",5,
545574009,Fam,1,
546339730,Jean Paul,1,497.0
546927535,Chuk,1,190.0
547239203,Willemijn,1,204.0
548043024,Francesca,1,220.0
548247968,James,1,
548495778,Kevin,1,
548520839,Max Brown Hotel Canal District,5,
548528525,"Sir Adam, Part Of Sircle Colle",7,307.0
548537484,Pavol,1,
548654573,Room Mate Aitana,1,
548661844,Arend,1,249.0
548976755,Lucas,1,195.0
549558029,Benno,1,
549722280,Youry,1,
549965746,Stephan,1,200.0
550184187,Yvette,1,
550326326,Koen,1,
550383082,Maarten,1,220.0
550777847,Jesse,1,448.0
550945542,Elke,1,
551207651,Amal,3,2202.5
551273122,J.,1,
551471805,Eline,1,
551571569,Silvia,1,
551648789,Stefano,1,228.0
551668595,Olympic Hotel,5,
551883998,Marco,2,119.5
551884505,Frederike,1,206.0
551964399,Hotel Espresso Amsterdam City,4,
552008534,Roomseller,2,666.0
552247318,B,1,92.0
552492390,Brechtje,1,
553790830,Mayara,1,90.0
553924898,Stijn,1,190.0
554415871,Yassine,1,167.0
554801091,Jaap,1,150.0
554904796,Marek,1,57.0
554914555,Kasper,1,
555225937,Irona,1,432.0
555466758,Daniella,6,
555844010,Dejan,1,405.0
556267767,Yorick,1,158.0
556401137,Enrico,2,92.0
556402733,Niels,1,571.0
556833939,C.W.,1,368.0
557018845,The Niu Fender,7,
557629870,Gerardus Nicolaas,1,
557833683,Alex,1,243.0
557958396,Felix,2,158.0
559229367,Lony,1,
559435354,Thomas,1,180.0
559442731,EasyHotel Amsterdam Arena Boulevard,7,133.0
559444009,EasyHotel Amsterdam City Center,7,
559931463,Anantara Grand Hotel Krasnapol,6,
559972067,Anniek,1,189.0
560171917,Oleksandr,1,
560679375,Aiki,1,
560847464,Branislav,5,65.4
561018852,Merlijn,1,
561065239,Janet,1,166.0
561156498,Elias,3,182.33
561831138,Tihomir,1,
563016452,Max Brown Hotel Museum Square,6,
563201403,Lucio,2,97.5
563392500,Guus,1,329.0
563941131,Joey,1,
563944736,Cathalijne,1,170.0
564097296,Abel,1,222.0
564981217,Francisco,1,404.0
565327731,Daan,4,252.0
565456153,Floor,1,117.0
565688408,Timo,1,160.0
566189883,Quirine,1,153.0
566427760,Gijsbertus Johannes Maria,1,
566469087,Hester,1,
566558598,Koen,1,182.0
566674150,Allysa,2,285.0
566716658,Justin,1,189.0
566735219,Yazan,1,197.0
567190241,Pierette,1,258.0
567571350,Berend,1,380.0
567695217,Hester,1,
568048648,Stephan,3,289.0
568285603,Josephine,1,250.0
568726720,Jacqueline,1,200.0
569075878,Tatiana,1,
570415729,Hh,1,107.0
570504583,Ruurd,1,
570551880,Danique,1,327.0
570707156,Salum,1,99.0
570851323,Camille,1,224.0
571026595,Diederik,1,270.0
571191481,Emma,1,
571379528,Joel,1,
571616813,Hayko,1,173.0
571807330,Danielle,1,540.0
571962394,Anna,1,450.0
572430800,Demi,1,87.0
572578496,Jelte,1,183.0
572614539,Natasha,1,
572783427,Oscar,1,182.0
573122704,Ingrid,1,117.0
573615597,Sara,1,
573699089,Nitin,1,188.0
574979373,Sir Albert,5,
575172686,Andrea,2,154.0
575356983,Koen,1,
575614800,Youlia,1,
575929611,Giulia,1,130.0
576071459,Hedwig,3,440.0
576347454,Petrus,1,294.0
576423671,Arschia,1,125.0
576941770,Frederick,1,269.0
577468964,Victor,1,431.0
577497011,Gideon,2,614.0
578061165,Lahcen,1,
578224473,Ingeborg,1,199.0
578567420,Cornelis,1,102.0
578822209,Barbara,3,318.0
578975557,Elena Amalie,1,350.0
579002736,Esther,1,231.0
579345842,Jelena,1,228.0
579355712,Alexander,1,
579601181,Yizhen,3,254.0
580784889,Maurick,1,318.0
580868573,Femke,1,
580927886,Faycal,1,284.0
581699248,Leonard,1,135.0
581877365,Iris,1,82.0
582044262,NH Collection Amsterdam Barbiz,6,533.5
582219901,Metin,1,142.0
582388913,Farhad,1,288.0
582806478,Rosalinde Maria Hermina,1,
583312213,Timotheus,1,665.0
583432798,Maloe,1,
584057335,Jan,1,
584088774,Thomas,1,579.0
584169173,Yordanos,1,270.0
584176642,Matthieu,1,
584191828,Eva,1,
584678723,Florian,1,320.0
585081797,Feikje,1,
585186536,Jenny,1,
585582439,Otto Godert,1,
585805080,Rosanne,1,
585808652,Robert-Willem,1,167.0
586242631,Johanna Maria,4,151.5
586595477,Christiaan,1,197.0
587411866,Antoine,1,
588303522,Mingyur,1,194.0
588521381,Priscilla,1,428.0
588858082,Eelke,1,90.0
589317934,Gokhan,1,
589324772,Gwendolyn,1,120.0
589343821,Femke,1,
589352542,Philip,1,
589590646,Tara,2,271.0
589622662,Lionel,1,202.0
590170053,Annelien,1,
590413082,Lena,1,198.0
591145267,Noor,1,180.0
591168839,Eric,1,162.0
591367190,Silvia,1,290.0
591372587,Hidde,1,342.0
591582826,Ofer,4,140.0
591619171,Cato Colombine,1,171.0
592883620,Lykel Elisabeth,1,346.0
593765947,Jesse,1,333.0
593869358,Kate,1,
594299455,Hendrik Daniël,1,
594303102,Bogdan,2,119.0
594402848,Mark,1,276.0
595222609,David,1,163.0
595508214,Heleen Henny Romkje,1,
597066460,Jonna,1,
597434259,Stephan,1,340.0
597457837,Tara,1,300.0
598031335,Jaron,1,
598372312,Johannes Adrianus Maria,1,
598746239,Carolien,1,180.0
599430696,Teun,1,225.0
651053414,Wali,1,
651060744,Sarita,1,211.0
651299682,Andrea,8,155.43
651597699,Ilse,1,367.0
651952659,Reshma,1,
652004891,Tamara,1,297.0
652147429,Laurens Quinten,1,100.0
652704921,René,1,149.0
652798320,Allan,1,270.0
653393892,Estelle,1,298.0
653632730,Maryse,1,
653821835,Tess,1,172.0
653925630,Alistair,1,333.0
655093318,Ruben,1,
656091940,Thomas,1,142.0
656244396,Tamzon Agranat,1,
656275358,Martine,1,275.0
656325914,Manouk,1,240.0
656399092,Melissa,1,500.0
656902978,Roos Anne,1,198.0
657660309,Fong On,1,
657767129,Atze,1,150.0
657774740,Maria,1,253.0
657819906,Lea Patricia,1,
658099572,Magali Duport,1,190.0
658205527,Jeroen,1,247.0
659096737,Hu Y,1,264.0
659204437,Vibeke,1,158.0
659241801,Roman,1,281.0
660223585,Matthijs Jeroen,1,250.0
660385180,Janos,1,162.0
661114250,Simon,1,360.0
661144307,Steven,1,270.0
661325409,Arjen,1,277.0
662787260,Luna Bo,1,315.0
662942026,Joeri,11,
662947113,Camilla,1,360.0
663104616,Valerio,1,
663735680,Hai,1,
664218700,Catharina Sara,1,227.0
664363261,Petra,1,365.0
664872281,Eveline,1,518.0
665248325,Michelle,1,225.0
665458833,John,2,397.5
665683331,Carmen Maria,2,
665732867,Virginia,1,212.0
665846656,Sheldon,1,216.0
666034258,Jelle,1,214.0
666122683,Bommel,1,204.0
666326299,Yolande Christiane,2,100.0
667417459,Mahelany,1,181.0
668521570,Diederick,1,256.0
668525609,Clyde,1,230.0
669257810,Arnoud,4,141.25
669988116,Tim,1,
670092548,Dilek,1,
670688364,Benjamin,1,365.0
671126214,Beyhan,1,82.0
673099763,Elizabeth,1,315.0
673147083,Friso,1,303.0
673922792,Jan Willem,1,
673979468,Jorg,1,214.0
674707880,Joshua,1,250.0
675833029,Hotel Arena,4,379.0
676042560,Tim,2,193.0
676152391,Alexander,1,280.0
676570139,Marie-Louise Plechelmus,1,
677634683,Adrien,1,216.0
677835907,Folkert,13,193.25
678018176,Javier,1,
678807678,Achmad,1,485.0
679410297,Sifra,1,153.0
679561443,Achmad,1,217.0
679563309,Achmad,1,246.0
679564750,Dennis,1,214.0
679565693,Dennis,1,319.0
679802597,Angelo,2,296.5
680672081,Folkert,1,165.0
681505793,Frits,1,442.0
683698971,Nathalie,1,527.0
683883435,Kirsten,1,
684463707,Wendy Sandra,1,208.0
684562202,Ties Maarten,1,257.0
684600917,Sofie,1,316.0
684603763,Thomas,2,119.5
685128094,Jaron,11,
685380407,Nadir,1,51.0
686647469,Aishat,7,
687201314,Olivia,1,360.0
688199126,Felix,1,113.0
689033636,Thomas Frits Marcus Maria,1,
690514742,Thinh,1,209.0
690730033,Felix,1,
691209591,Raoul,1,
691315055,Shehera,1,128.0
691444209,Chao-Yin,1,204.0
691588332,Marco,4,226.0
692757122,Ilan,3,89.5
692930009,Nathan,1,205.0
692938574,Sultan Selin,1,227.0
692949538,Pieter Paul Embertus,1,
693303113,Elvira Maria Henriette,1,155.0
693854626,William,1,390.0
693871137,Anouk,1,303.0
694430863,Fedor,1,
694694207,Yvonne,1,201.0
695032667,Paul,1,162.0
695235241,Thecla Wilhelmina Hendrika,1,230.0
695437936,Won,6,
695691915,Claudia,1,689.0
696252813,Ekaterina,1,
696618984,Gabriela,1,
697642796,Indra,3,144.33
698662358,Sander,3,130.67
699120298,Robin,1,
699449583,Laurens,1,206.0
699474652,Dennis,1,386.0
699481179,Dennis,1,990.0
699641947,Ruben,4,
699642430,Mirte Renée,1,258.0
700643286,Gabriela,10,255.67
700735867,Willem,1,150.0
701411903,Giuliana,1,213.0
701787185,Job,5,222.0
701886327,Christiaan,1,162.0
702010746,Tim,1,
702064649,Rutger,1,
702179651,Renée J U,1,503.0
703464497,Barend,1,151.0
703650300,Cinta,2,
704385905,Charles Douglas,8,
704386114,Charles Douglas,2,
704386567,Charles Douglas,4,207.5
704586455,Laura,1,168.0
704743948,Bifu,3,63.33
705030033,Eline Sophie,1,331.0
705438130,Johannes Wilhelmus Maria,1,
705590393,Robert,1,266.0
705854144,Erik,1,422.0
706269096,Marco,1,220.0
706494024,Alexandra,1,531.0
707446371,Michiel,1,162.0
707666292,Alejandro,1,77.0
707698410,The Highlander,3,276.67
708277147,John,1,374.0
708523543,Irada,1,171.0
708712969,Margot Irene Pauline,1,
709096210,Fleur,1,445.0
709351333,Sandra,2,64.5
709608136,Jack,2,127.0
709741852,Marlene,1,117.0
710522214,George,1,135.0
710750794,Jean-Paul,1,106.0
710919734,Dennis,1,338.0
710968783,Dennis,1,443.0
711085419,Bernardus,1,349.0
711168278,Mahran,2,306.0
711508049,Anna Marie,1,316.0
711697640,Faranak,1,274.0
714007165,Dennis,1,224.0
714363048,Charlie,1,130.0
715439809,Karlijn,1,340.0
715849738,Jason,1,499.0
716142178,Joost,1,340.0
717346955,Dennis,1,423.0
